Código	Descripción	Departamento	Provincia	Distrito
010101	AMAZONAS / CHACHAPOYAS / CHACHAPOYAS	AMAZONAS	CHACHAPOYAS	CHACHAPOYAS
010102	AMAZONAS / CHACHAPOYAS / ASUNCION	AMAZONAS	CHACHAPOYAS	ASUNCION
010103	AMAZONAS / CHACHAPOYAS / BALSAS	AMAZONAS	CHACHAPOYAS	BALSAS
010104	AMAZONAS / CHACHAPOYAS / CHETO	AMAZONAS	CHACHAPOYAS	CHETO
010105	AMAZONAS / CHACHAPOYAS / CHILIQUIN	AMAZONAS	CHACHAPOYAS	CHILIQUIN
010106	AMAZONAS / CHACHAPOYAS / CHUQUIBAMBA	AMAZONAS	CHACHAPOYAS	CHUQUIBAMBA
010107	AMAZONAS / CHACHAPOYAS / GRANADA	AMAZONAS	CHACHAPOYAS	GRANADA
010108	AMAZONAS / CHACHAPOYAS / HUANCAS	AMAZONAS	CHACHAPOYAS	HUANCAS
010109	AMAZONAS / CHACHAPOYAS / LA JALCA	AMAZONAS	CHACHAPOYAS	LA JALCA
010110	AMAZONAS / CHACHAPOYAS / LEIMEBAMBA	AMAZONAS	CHACHAPOYAS	LEIMEBAMBA
010111	AMAZONAS / CHACHAPOYAS / LEVANTO	AMAZONAS	CHACHAPOYAS	LEVANTO
010112	AMAZONAS / CHACHAPOYAS / MAGDALENA	AMAZONAS	CHACHAPOYAS	MAGDALENA
010113	AMAZONAS / CHACHAPOYAS / MARISCAL CASTILLA	AMAZONAS	CHACHAPOYAS	MARISCAL CASTILLA
010114	AMAZONAS / CHACHAPOYAS / MOLINOPAMPA	AMAZONAS	CHACHAPOYAS	MOLINOPAMPA
010115	AMAZONAS / CHACHAPOYAS / MONTEVIDEO	AMAZONAS	CHACHAPOYAS	MONTEVIDEO
010116	AMAZONAS / CHACHAPOYAS / OLLEROS	AMAZONAS	CHACHAPOYAS	OLLEROS
010117	AMAZONAS / CHACHAPOYAS / QUINJALCA	AMAZONAS	CHACHAPOYAS	QUINJALCA
010118	AMAZONAS / CHACHAPOYAS / SAN FRANCISCO DE DAGUAS	AMAZONAS	CHACHAPOYAS	SAN FRANCISCO DE DAGUAS
010119	AMAZONAS / CHACHAPOYAS / SAN ISIDRO DE MAINO	AMAZONAS	CHACHAPOYAS	SAN ISIDRO DE MAINO
010120	AMAZONAS / CHACHAPOYAS / SOLOCO	AMAZONAS	CHACHAPOYAS	SOLOCO
010121	AMAZONAS / CHACHAPOYAS / SONCHE	AMAZONAS	CHACHAPOYAS	SONCHE
010201	AMAZONAS / BAGUA / BAGUA	AMAZONAS	BAGUA	BAGUA
010202	AMAZONAS / BAGUA / ARAMANGO	AMAZONAS	BAGUA	ARAMANGO
010203	AMAZONAS / BAGUA / COPALLIN	AMAZONAS	BAGUA	COPALLIN
010204	AMAZONAS / BAGUA / EL PARCO	AMAZONAS	BAGUA	EL PARCO
010205	AMAZONAS / BAGUA / IMAZA	AMAZONAS	BAGUA	IMAZA
010206	AMAZONAS / BAGUA / LA PECA	AMAZONAS	BAGUA	LA PECA
010301	AMAZONAS / BONGARA / JUMBILLA	AMAZONAS	BONGARA	JUMBILLA
010302	AMAZONAS / BONGARA / CHISQUILLA	AMAZONAS	BONGARA	CHISQUILLA
010303	AMAZONAS / BONGARA / CHURUJA	AMAZONAS	BONGARA	CHURUJA
010304	AMAZONAS / BONGARA / COROSHA	AMAZONAS	BONGARA	COROSHA
010305	AMAZONAS / BONGARA / CUISPES	AMAZONAS	BONGARA	CUISPES
010306	AMAZONAS / BONGARA / FLORIDA	AMAZONAS	BONGARA	FLORIDA
010307	AMAZONAS / BONGARA / JAZAN	AMAZONAS	BONGARA	JAZAN
010308	AMAZONAS / BONGARA / RECTA	AMAZONAS	BONGARA	RECTA
010309	AMAZONAS / BONGARA / SAN CARLOS	AMAZONAS	BONGARA	SAN CARLOS
010310	AMAZONAS / BONGARA / SHIPASBAMBA	AMAZONAS	BONGARA	SHIPASBAMBA
010311	AMAZONAS / BONGARA / VALERA	AMAZONAS	BONGARA	VALERA
010312	AMAZONAS / BONGARA / YAMBRASBAMBA	AMAZONAS	BONGARA	YAMBRASBAMBA
010401	AMAZONAS / CONDORCANQUI / NIEVA	AMAZONAS	CONDORCANQUI	NIEVA
010402	AMAZONAS / CONDORCANQUI / EL CENEPA	AMAZONAS	CONDORCANQUI	EL CENEPA
010403	AMAZONAS / CONDORCANQUI / RIO SANTIAGO	AMAZONAS	CONDORCANQUI	RIO SANTIAGO
010501	AMAZONAS / LUYA / LAMUD	AMAZONAS	LUYA	LAMUD
010502	AMAZONAS / LUYA / CAMPORREDONDO	AMAZONAS	LUYA	CAMPORREDONDO
010503	AMAZONAS / LUYA / COCABAMBA	AMAZONAS	LUYA	COCABAMBA
010504	AMAZONAS / LUYA / COLCAMAR	AMAZONAS	LUYA	COLCAMAR
010505	AMAZONAS / LUYA / CONILA	AMAZONAS	LUYA	CONILA
010506	AMAZONAS / LUYA / INGUILPATA	AMAZONAS	LUYA	INGUILPATA
010507	AMAZONAS / LUYA / LONGUITA	AMAZONAS	LUYA	LONGUITA
010508	AMAZONAS / LUYA / LONYA CHICO	AMAZONAS	LUYA	LONYA CHICO
010509	AMAZONAS / LUYA / LUYA	AMAZONAS	LUYA	LUYA
010510	AMAZONAS / LUYA / LUYA VIEJO	AMAZONAS	LUYA	LUYA VIEJO
010511	AMAZONAS / LUYA / MARIA	AMAZONAS	LUYA	MARIA
010512	AMAZONAS / LUYA / OCALLI	AMAZONAS	LUYA	OCALLI
010513	AMAZONAS / LUYA / OCUMAL	AMAZONAS	LUYA	OCUMAL
010514	AMAZONAS / LUYA / PISUQUIA	AMAZONAS	LUYA	PISUQUIA
010515	AMAZONAS / LUYA / PROVIDENCIA	AMAZONAS	LUYA	PROVIDENCIA
010516	AMAZONAS / LUYA / SAN CRISTOBAL	AMAZONAS	LUYA	SAN CRISTOBAL
010517	AMAZONAS / LUYA / SAN FRANCISCO DEL YESO	AMAZONAS	LUYA	SAN FRANCISCO DEL YESO
010518	AMAZONAS / LUYA / SAN JERONIMO	AMAZONAS	LUYA	SAN JERONIMO
010519	AMAZONAS / LUYA / SAN JUAN DE LOPECANCHA	AMAZONAS	LUYA	SAN JUAN DE LOPECANCHA
010520	AMAZONAS / LUYA / SANTA CATALINA	AMAZONAS	LUYA	SANTA CATALINA
010521	AMAZONAS / LUYA / SANTO TOMAS	AMAZONAS	LUYA	SANTO TOMAS
010522	AMAZONAS / LUYA / TINGO	AMAZONAS	LUYA	TINGO
010523	AMAZONAS / LUYA / TRITA	AMAZONAS	LUYA	TRITA
010601	AMAZONAS / RODRIGUEZ DE MENDOZA / SAN NICOLAS	AMAZONAS	RODRIGUEZ DE MENDOZA	SAN NICOLAS
010602	AMAZONAS / RODRIGUEZ DE MENDOZA / CHIRIMOTO	AMAZONAS	RODRIGUEZ DE MENDOZA	CHIRIMOTO
010603	AMAZONAS / RODRIGUEZ DE MENDOZA / COCHAMAL	AMAZONAS	RODRIGUEZ DE MENDOZA	COCHAMAL
010604	AMAZONAS / RODRIGUEZ DE MENDOZA / HUAMBO	AMAZONAS	RODRIGUEZ DE MENDOZA	HUAMBO
010605	AMAZONAS / RODRIGUEZ DE MENDOZA / LIMABAMBA	AMAZONAS	RODRIGUEZ DE MENDOZA	LIMABAMBA
010606	AMAZONAS / RODRIGUEZ DE MENDOZA / LONGAR	AMAZONAS	RODRIGUEZ DE MENDOZA	LONGAR
010607	AMAZONAS / RODRIGUEZ DE MENDOZA / MARISCAL BENAVIDES	AMAZONAS	RODRIGUEZ DE MENDOZA	MARISCAL BENAVIDES
010608	AMAZONAS / RODRIGUEZ DE MENDOZA / MILPUC	AMAZONAS	RODRIGUEZ DE MENDOZA	MILPUC
010609	AMAZONAS / RODRIGUEZ DE MENDOZA / OMIA	AMAZONAS	RODRIGUEZ DE MENDOZA	OMIA
010610	AMAZONAS / RODRIGUEZ DE MENDOZA / SANTA ROSA	AMAZONAS	RODRIGUEZ DE MENDOZA	SANTA ROSA
010611	AMAZONAS / RODRIGUEZ DE MENDOZA / TOTORA	AMAZONAS	RODRIGUEZ DE MENDOZA	TOTORA
010612	AMAZONAS / RODRIGUEZ DE MENDOZA / VISTA ALEGRE	AMAZONAS	RODRIGUEZ DE MENDOZA	VISTA ALEGRE
010701	AMAZONAS / UTCUBAMBA / BAGUA GRANDE	AMAZONAS	UTCUBAMBA	BAGUA GRANDE
010702	AMAZONAS / UTCUBAMBA / CAJARURO	AMAZONAS	UTCUBAMBA	CAJARURO
010703	AMAZONAS / UTCUBAMBA / CUMBA	AMAZONAS	UTCUBAMBA	CUMBA
010704	AMAZONAS / UTCUBAMBA / EL MILAGRO	AMAZONAS	UTCUBAMBA	EL MILAGRO
010705	AMAZONAS / UTCUBAMBA / JAMALCA	AMAZONAS	UTCUBAMBA	JAMALCA
010706	AMAZONAS / UTCUBAMBA / LONYA GRANDE	AMAZONAS	UTCUBAMBA	LONYA GRANDE
010707	AMAZONAS / UTCUBAMBA / YAMON	AMAZONAS	UTCUBAMBA	YAMON
020101	ANCASH / HUARAZ / HUARAZ	ANCASH	HUARAZ	HUARAZ
020102	ANCASH / HUARAZ / COCHABAMBA	ANCASH	HUARAZ	COCHABAMBA
020103	ANCASH / HUARAZ / COLCABAMBA	ANCASH	HUARAZ	COLCABAMBA
020104	ANCASH / HUARAZ / HUANCHAY	ANCASH	HUARAZ	HUANCHAY
020105	ANCASH / HUARAZ / INDEPENDENCIA	ANCASH	HUARAZ	INDEPENDENCIA
020106	ANCASH / HUARAZ / JANGAS	ANCASH	HUARAZ	JANGAS
020107	ANCASH / HUARAZ / LA LIBERTAD	ANCASH	HUARAZ	LA LIBERTAD
020108	ANCASH / HUARAZ / OLLEROS	ANCASH	HUARAZ	OLLEROS
020109	ANCASH / HUARAZ / PAMPAS	ANCASH	HUARAZ	PAMPAS
020110	ANCASH / HUARAZ / PARIACOTO	ANCASH	HUARAZ	PARIACOTO
020111	ANCASH / HUARAZ / PIRA	ANCASH	HUARAZ	PIRA
020112	ANCASH / HUARAZ / TARICA	ANCASH	HUARAZ	TARICA
020201	ANCASH / AIJA / AIJA	ANCASH	AIJA	AIJA
020202	ANCASH / AIJA / CORIS	ANCASH	AIJA	CORIS
020203	ANCASH / AIJA / HUACLLAN	ANCASH	AIJA	HUACLLAN
020204	ANCASH / AIJA / LA MERCED	ANCASH	AIJA	LA MERCED
020205	ANCASH / AIJA / SUCCHA	ANCASH	AIJA	SUCCHA
020301	ANCASH / ANTONIO RAYMONDI / LLAMELLIN	ANCASH	ANTONIO RAYMONDI	LLAMELLIN
020302	ANCASH / ANTONIO RAYMONDI / ACZO	ANCASH	ANTONIO RAYMONDI	ACZO
020303	ANCASH / ANTONIO RAYMONDI / CHACCHO	ANCASH	ANTONIO RAYMONDI	CHACCHO
020304	ANCASH / ANTONIO RAYMONDI / CHINGAS	ANCASH	ANTONIO RAYMONDI	CHINGAS
020305	ANCASH / ANTONIO RAYMONDI / MIRGAS	ANCASH	ANTONIO RAYMONDI	MIRGAS
020306	ANCASH / ANTONIO RAYMONDI / SAN JUAN DE RONTOY	ANCASH	ANTONIO RAYMONDI	SAN JUAN DE RONTOY
020401	ANCASH / ASUNCION / CHACAS	ANCASH	ASUNCION	CHACAS
020402	ANCASH / ASUNCION / ACOCHACA	ANCASH	ASUNCION	ACOCHACA
020501	ANCASH / BOLOGNESI / CHIQUIAN	ANCASH	BOLOGNESI	CHIQUIAN
020502	ANCASH / BOLOGNESI / ABELARDO PARDO LEZAMETA	ANCASH	BOLOGNESI	ABELARDO PARDO LEZAMETA
020503	ANCASH / BOLOGNESI / ANTONIO RAYMONDI	ANCASH	BOLOGNESI	ANTONIO RAYMONDI
020504	ANCASH / BOLOGNESI / AQUIA	ANCASH	BOLOGNESI	AQUIA
020505	ANCASH / BOLOGNESI / CAJACAY	ANCASH	BOLOGNESI	CAJACAY
020506	ANCASH / BOLOGNESI / CANIS	ANCASH	BOLOGNESI	CANIS
020507	ANCASH / BOLOGNESI / COLQUIOC	ANCASH	BOLOGNESI	COLQUIOC
020508	ANCASH / BOLOGNESI / HUALLANCA	ANCASH	BOLOGNESI	HUALLANCA
020509	ANCASH / BOLOGNESI / HUASTA	ANCASH	BOLOGNESI	HUASTA
020510	ANCASH / BOLOGNESI / HUAYLLACAYAN	ANCASH	BOLOGNESI	HUAYLLACAYAN
020511	ANCASH / BOLOGNESI / LA PRIMAVERA	ANCASH	BOLOGNESI	LA PRIMAVERA
020512	ANCASH / BOLOGNESI / MANGAS	ANCASH	BOLOGNESI	MANGAS
020513	ANCASH / BOLOGNESI / PACLLON	ANCASH	BOLOGNESI	PACLLON
020514	ANCASH / BOLOGNESI / SAN MIGUEL DE CORPANQUI	ANCASH	BOLOGNESI	SAN MIGUEL DE CORPANQUI
020515	ANCASH / BOLOGNESI / TICLLOS	ANCASH	BOLOGNESI	TICLLOS
020601	ANCASH / CARHUAZ / CARHUAZ	ANCASH	CARHUAZ	CARHUAZ
020602	ANCASH / CARHUAZ / ACOPAMPA	ANCASH	CARHUAZ	ACOPAMPA
020603	ANCASH / CARHUAZ / AMASHCA	ANCASH	CARHUAZ	AMASHCA
020604	ANCASH / CARHUAZ / ANTA	ANCASH	CARHUAZ	ANTA
020605	ANCASH / CARHUAZ / ATAQUERO	ANCASH	CARHUAZ	ATAQUERO
020606	ANCASH / CARHUAZ / MARCARA	ANCASH	CARHUAZ	MARCARA
020607	ANCASH / CARHUAZ / PARIAHUANCA	ANCASH	CARHUAZ	PARIAHUANCA
020608	ANCASH / CARHUAZ / SAN MIGUEL DE ACO	ANCASH	CARHUAZ	SAN MIGUEL DE ACO
020609	ANCASH / CARHUAZ / SHILLA	ANCASH	CARHUAZ	SHILLA
020610	ANCASH / CARHUAZ / TINCO	ANCASH	CARHUAZ	TINCO
020611	ANCASH / CARHUAZ / YUNGAR	ANCASH	CARHUAZ	YUNGAR
020701	ANCASH / CARLOS FERMIN FITZCARRALD / SAN LUIS	ANCASH	CARLOS FERMIN FITZCARRALD	SAN LUIS
020702	ANCASH / CARLOS FERMIN FITZCARRALD / SAN NICOLAS	ANCASH	CARLOS FERMIN FITZCARRALD	SAN NICOLAS
020703	ANCASH / CARLOS FERMIN FITZCARRALD / YAUYA	ANCASH	CARLOS FERMIN FITZCARRALD	YAUYA
020801	ANCASH / CASMA / CASMA	ANCASH	CASMA	CASMA
020802	ANCASH / CASMA / BUENA VISTA ALTA	ANCASH	CASMA	BUENA VISTA ALTA
020803	ANCASH / CASMA / COMANDANTE NOEL	ANCASH	CASMA	COMANDANTE NOEL
020804	ANCASH / CASMA / YAUTAN	ANCASH	CASMA	YAUTAN
020901	ANCASH / CORONGO / CORONGO	ANCASH	CORONGO	CORONGO
020902	ANCASH / CORONGO / ACO	ANCASH	CORONGO	ACO
020903	ANCASH / CORONGO / BAMBAS	ANCASH	CORONGO	BAMBAS
020904	ANCASH / CORONGO / CUSCA	ANCASH	CORONGO	CUSCA
020905	ANCASH / CORONGO / LA PAMPA	ANCASH	CORONGO	LA PAMPA
020906	ANCASH / CORONGO / YANAC	ANCASH	CORONGO	YANAC
020907	ANCASH / CORONGO / YUPAN	ANCASH	CORONGO	YUPAN
021001	ANCASH / HUARI / HUARI	ANCASH	HUARI	HUARI
021002	ANCASH / HUARI / ANRA	ANCASH	HUARI	ANRA
021003	ANCASH / HUARI / CAJAY	ANCASH	HUARI	CAJAY
021004	ANCASH / HUARI / CHAVIN DE HUANTAR	ANCASH	HUARI	CHAVIN DE HUANTAR
021005	ANCASH / HUARI / HUACACHI	ANCASH	HUARI	HUACACHI
021006	ANCASH / HUARI / HUACCHIS	ANCASH	HUARI	HUACCHIS
021007	ANCASH / HUARI / HUACHIS	ANCASH	HUARI	HUACHIS
021008	ANCASH / HUARI / HUANTAR	ANCASH	HUARI	HUANTAR
021009	ANCASH / HUARI / MASIN	ANCASH	HUARI	MASIN
021010	ANCASH / HUARI / PAUCAS	ANCASH	HUARI	PAUCAS
021011	ANCASH / HUARI / PONTO	ANCASH	HUARI	PONTO
021012	ANCASH / HUARI / RAHUAPAMPA	ANCASH	HUARI	RAHUAPAMPA
021013	ANCASH / HUARI / RAPAYAN	ANCASH	HUARI	RAPAYAN
021014	ANCASH / HUARI / SAN MARCOS	ANCASH	HUARI	SAN MARCOS
021015	ANCASH / HUARI / SAN PEDRO DE CHANA	ANCASH	HUARI	SAN PEDRO DE CHANA
021016	ANCASH / HUARI / UCO	ANCASH	HUARI	UCO
021101	ANCASH / HUARMEY / HUARMEY	ANCASH	HUARMEY	HUARMEY
021102	ANCASH / HUARMEY / COCHAPETI	ANCASH	HUARMEY	COCHAPETI
021103	ANCASH / HUARMEY / CULEBRAS	ANCASH	HUARMEY	CULEBRAS
021104	ANCASH / HUARMEY / HUAYAN	ANCASH	HUARMEY	HUAYAN
021105	ANCASH / HUARMEY / MALVAS	ANCASH	HUARMEY	MALVAS
021201	ANCASH / HUAYLAS / CARAZ	ANCASH	HUAYLAS	CARAZ
021202	ANCASH / HUAYLAS / HUALLANCA	ANCASH	HUAYLAS	HUALLANCA
021203	ANCASH / HUAYLAS / HUATA	ANCASH	HUAYLAS	HUATA
021204	ANCASH / HUAYLAS / HUAYLAS	ANCASH	HUAYLAS	HUAYLAS
021205	ANCASH / HUAYLAS / MATO	ANCASH	HUAYLAS	MATO
021206	ANCASH / HUAYLAS / PAMPAROMAS	ANCASH	HUAYLAS	PAMPAROMAS
021207	ANCASH / HUAYLAS / PUEBLO LIBRE	ANCASH	HUAYLAS	PUEBLO LIBRE
021208	ANCASH / HUAYLAS / SANTA CRUZ	ANCASH	HUAYLAS	SANTA CRUZ
021209	ANCASH / HUAYLAS / SANTO TORIBIO	ANCASH	HUAYLAS	SANTO TORIBIO
021210	ANCASH / HUAYLAS / YURACMARCA	ANCASH	HUAYLAS	YURACMARCA
021301	ANCASH / MARISCAL LUZURIAGA / PISCOBAMBA	ANCASH	MARISCAL LUZURIAGA	PISCOBAMBA
021302	ANCASH / MARISCAL LUZURIAGA / CASCA	ANCASH	MARISCAL LUZURIAGA	CASCA
021303	ANCASH / MARISCAL LUZURIAGA / ELEAZAR GUZMAN BARRON	ANCASH	MARISCAL LUZURIAGA	ELEAZAR GUZMAN BARRON
021304	ANCASH / MARISCAL LUZURIAGA / FIDEL OLIVAS ESCUDERO	ANCASH	MARISCAL LUZURIAGA	FIDEL OLIVAS ESCUDERO
021305	ANCASH / MARISCAL LUZURIAGA / LLAMA	ANCASH	MARISCAL LUZURIAGA	LLAMA
021306	ANCASH / MARISCAL LUZURIAGA / LLUMPA	ANCASH	MARISCAL LUZURIAGA	LLUMPA
021307	ANCASH / MARISCAL LUZURIAGA / LUCMA	ANCASH	MARISCAL LUZURIAGA	LUCMA
021308	ANCASH / MARISCAL LUZURIAGA / MUSGA	ANCASH	MARISCAL LUZURIAGA	MUSGA
021401	ANCASH / OCROS / OCROS	ANCASH	OCROS	OCROS
021402	ANCASH / OCROS / ACAS	ANCASH	OCROS	ACAS
021403	ANCASH / OCROS / CAJAMARQUILLA	ANCASH	OCROS	CAJAMARQUILLA
021404	ANCASH / OCROS / CARHUAPAMPA	ANCASH	OCROS	CARHUAPAMPA
021405	ANCASH / OCROS / COCHAS	ANCASH	OCROS	COCHAS
021406	ANCASH / OCROS / CONGAS	ANCASH	OCROS	CONGAS
021407	ANCASH / OCROS / LLIPA	ANCASH	OCROS	LLIPA
021408	ANCASH / OCROS / SAN CRISTOBAL DE RAJAN	ANCASH	OCROS	SAN CRISTOBAL DE RAJAN
021409	ANCASH / OCROS / SAN PEDRO	ANCASH	OCROS	SAN PEDRO
021410	ANCASH / OCROS / SANTIAGO DE CHILCAS	ANCASH	OCROS	SANTIAGO DE CHILCAS
021501	ANCASH / PALLASCA / CABANA	ANCASH	PALLASCA	CABANA
021502	ANCASH / PALLASCA / BOLOGNESI	ANCASH	PALLASCA	BOLOGNESI
021503	ANCASH / PALLASCA / CONCHUCOS	ANCASH	PALLASCA	CONCHUCOS
021504	ANCASH / PALLASCA / HUACASCHUQUE	ANCASH	PALLASCA	HUACASCHUQUE
021505	ANCASH / PALLASCA / HUANDOVAL	ANCASH	PALLASCA	HUANDOVAL
021506	ANCASH / PALLASCA / LACABAMBA	ANCASH	PALLASCA	LACABAMBA
021507	ANCASH / PALLASCA / LLAPO	ANCASH	PALLASCA	LLAPO
021508	ANCASH / PALLASCA / PALLASCA	ANCASH	PALLASCA	PALLASCA
021509	ANCASH / PALLASCA / PAMPAS	ANCASH	PALLASCA	PAMPAS
021510	ANCASH / PALLASCA / SANTA ROSA	ANCASH	PALLASCA	SANTA ROSA
021511	ANCASH / PALLASCA / TAUCA	ANCASH	PALLASCA	TAUCA
021601	ANCASH / POMABAMBA / POMABAMBA	ANCASH	POMABAMBA	POMABAMBA
021602	ANCASH / POMABAMBA / HUAYLLAN	ANCASH	POMABAMBA	HUAYLLAN
021603	ANCASH / POMABAMBA / PAROBAMBA	ANCASH	POMABAMBA	PAROBAMBA
021604	ANCASH / POMABAMBA / QUINUABAMBA	ANCASH	POMABAMBA	QUINUABAMBA
021701	ANCASH / RECUAY / RECUAY	ANCASH	RECUAY	RECUAY
021702	ANCASH / RECUAY / CATAC	ANCASH	RECUAY	CATAC
021703	ANCASH / RECUAY / COTAPARACO	ANCASH	RECUAY	COTAPARACO
021704	ANCASH / RECUAY / HUAYLLAPAMPA	ANCASH	RECUAY	HUAYLLAPAMPA
021705	ANCASH / RECUAY / LLACLLIN	ANCASH	RECUAY	LLACLLIN
021706	ANCASH / RECUAY / MARCA	ANCASH	RECUAY	MARCA
021707	ANCASH / RECUAY / PAMPAS CHICO	ANCASH	RECUAY	PAMPAS CHICO
021708	ANCASH / RECUAY / PARARIN	ANCASH	RECUAY	PARARIN
021709	ANCASH / RECUAY / TAPACOCHA	ANCASH	RECUAY	TAPACOCHA
021710	ANCASH / RECUAY / TICAPAMPA	ANCASH	RECUAY	TICAPAMPA
021801	ANCASH / SANTA / CHIMBOTE	ANCASH	SANTA	CHIMBOTE
021802	ANCASH / SANTA / CACERES DEL PERU	ANCASH	SANTA	CACERES DEL PERU
021803	ANCASH / SANTA / COISHCO	ANCASH	SANTA	COISHCO
021804	ANCASH / SANTA / MACATE	ANCASH	SANTA	MACATE
021805	ANCASH / SANTA / MORO	ANCASH	SANTA	MORO
021806	ANCASH / SANTA / NEPEÑA	ANCASH	SANTA	NEPEÑA
021807	ANCASH / SANTA / SAMANCO	ANCASH	SANTA	SAMANCO
021808	ANCASH / SANTA / SANTA	ANCASH	SANTA	SANTA
021809	ANCASH / SANTA / NUEVO CHIMBOTE	ANCASH	SANTA	NUEVO CHIMBOTE
021901	ANCASH / SIHUAS / SIHUAS	ANCASH	SIHUAS	SIHUAS
021902	ANCASH / SIHUAS / ACOBAMBA	ANCASH	SIHUAS	ACOBAMBA
021903	ANCASH / SIHUAS / ALFONSO UGARTE	ANCASH	SIHUAS	ALFONSO UGARTE
021904	ANCASH / SIHUAS / CASHAPAMPA	ANCASH	SIHUAS	CASHAPAMPA
021905	ANCASH / SIHUAS / CHINGALPO	ANCASH	SIHUAS	CHINGALPO
021906	ANCASH / SIHUAS / HUAYLLABAMBA	ANCASH	SIHUAS	HUAYLLABAMBA
021907	ANCASH / SIHUAS / QUICHES	ANCASH	SIHUAS	QUICHES
021908	ANCASH / SIHUAS / RAGASH	ANCASH	SIHUAS	RAGASH
021909	ANCASH / SIHUAS / SAN JUAN	ANCASH	SIHUAS	SAN JUAN
021910	ANCASH / SIHUAS / SICSIBAMBA	ANCASH	SIHUAS	SICSIBAMBA
022001	ANCASH / YUNGAY / YUNGAY	ANCASH	YUNGAY	YUNGAY
022002	ANCASH / YUNGAY / CASCAPARA	ANCASH	YUNGAY	CASCAPARA
022003	ANCASH / YUNGAY / MANCOS	ANCASH	YUNGAY	MANCOS
022004	ANCASH / YUNGAY / MATACOTO	ANCASH	YUNGAY	MATACOTO
022005	ANCASH / YUNGAY / QUILLO	ANCASH	YUNGAY	QUILLO
022006	ANCASH / YUNGAY / RANRAHIRCA	ANCASH	YUNGAY	RANRAHIRCA
022007	ANCASH / YUNGAY / SHUPLUY	ANCASH	YUNGAY	SHUPLUY
022008	ANCASH / YUNGAY / YANAMA	ANCASH	YUNGAY	YANAMA
030101	APURIMAC / ABANCAY / ABANCAY	APURIMAC	ABANCAY	ABANCAY
030102	APURIMAC / ABANCAY / CHACOCHE	APURIMAC	ABANCAY	CHACOCHE
030103	APURIMAC / ABANCAY / CIRCA	APURIMAC	ABANCAY	CIRCA
030104	APURIMAC / ABANCAY / CURAHUASI	APURIMAC	ABANCAY	CURAHUASI
030105	APURIMAC / ABANCAY / HUANIPACA	APURIMAC	ABANCAY	HUANIPACA
030106	APURIMAC / ABANCAY / LAMBRAMA	APURIMAC	ABANCAY	LAMBRAMA
030107	APURIMAC / ABANCAY / PICHIRHUA	APURIMAC	ABANCAY	PICHIRHUA
030108	APURIMAC / ABANCAY / SAN PEDRO DE CACHORA	APURIMAC	ABANCAY	SAN PEDRO DE CACHORA
030109	APURIMAC / ABANCAY / TAMBURCO	APURIMAC	ABANCAY	TAMBURCO
030201	APURIMAC / ANDAHUAYLAS / ANDAHUAYLAS	APURIMAC	ANDAHUAYLAS	ANDAHUAYLAS
030202	APURIMAC / ANDAHUAYLAS / ANDARAPA	APURIMAC	ANDAHUAYLAS	ANDARAPA
030203	APURIMAC / ANDAHUAYLAS / CHIARA	APURIMAC	ANDAHUAYLAS	CHIARA
030204	APURIMAC / ANDAHUAYLAS / HUANCARAMA	APURIMAC	ANDAHUAYLAS	HUANCARAMA
030205	APURIMAC / ANDAHUAYLAS / HUANCARAY	APURIMAC	ANDAHUAYLAS	HUANCARAY
030206	APURIMAC / ANDAHUAYLAS / HUAYANA	APURIMAC	ANDAHUAYLAS	HUAYANA
030207	APURIMAC / ANDAHUAYLAS / KISHUARA	APURIMAC	ANDAHUAYLAS	KISHUARA
030208	APURIMAC / ANDAHUAYLAS / PACOBAMBA	APURIMAC	ANDAHUAYLAS	PACOBAMBA
030209	APURIMAC / ANDAHUAYLAS / PACUCHA	APURIMAC	ANDAHUAYLAS	PACUCHA
030210	APURIMAC / ANDAHUAYLAS / PAMPACHIRI	APURIMAC	ANDAHUAYLAS	PAMPACHIRI
030211	APURIMAC / ANDAHUAYLAS / POMACOCHA	APURIMAC	ANDAHUAYLAS	POMACOCHA
030212	APURIMAC / ANDAHUAYLAS / SAN ANTONIO DE CACHI	APURIMAC	ANDAHUAYLAS	SAN ANTONIO DE CACHI
030213	APURIMAC / ANDAHUAYLAS / SAN JERONIMO	APURIMAC	ANDAHUAYLAS	SAN JERONIMO
030214	APURIMAC / ANDAHUAYLAS / SAN MIGUEL DE CHACCRAMPA	APURIMAC	ANDAHUAYLAS	SAN MIGUEL DE CHACCRAMPA
030215	APURIMAC / ANDAHUAYLAS / SANTA MARIA DE CHICMO	APURIMAC	ANDAHUAYLAS	SANTA MARIA DE CHICMO
030216	APURIMAC / ANDAHUAYLAS / TALAVERA	APURIMAC	ANDAHUAYLAS	TALAVERA
030217	APURIMAC / ANDAHUAYLAS / TUMAY HUARACA	APURIMAC	ANDAHUAYLAS	TUMAY HUARACA
030218	APURIMAC / ANDAHUAYLAS / TURPO	APURIMAC	ANDAHUAYLAS	TURPO
030219	APURIMAC / ANDAHUAYLAS / KAQUIABAMBA	APURIMAC	ANDAHUAYLAS	KAQUIABAMBA
030220	APURIMAC / ANDAHUAYLAS / JOSE MARIA ARGUEDAS	APURIMAC	ANDAHUAYLAS	JOSE MARIA ARGUEDAS
030301	APURIMAC / ANTABAMBA / ANTABAMBA	APURIMAC	ANTABAMBA	ANTABAMBA
030302	APURIMAC / ANTABAMBA / EL ORO	APURIMAC	ANTABAMBA	EL ORO
030303	APURIMAC / ANTABAMBA / HUAQUIRCA	APURIMAC	ANTABAMBA	HUAQUIRCA
030304	APURIMAC / ANTABAMBA / JUAN ESPINOZA MEDRANO	APURIMAC	ANTABAMBA	JUAN ESPINOZA MEDRANO
030305	APURIMAC / ANTABAMBA / OROPESA	APURIMAC	ANTABAMBA	OROPESA
030306	APURIMAC / ANTABAMBA / PACHACONAS	APURIMAC	ANTABAMBA	PACHACONAS
030307	APURIMAC / ANTABAMBA / SABAINO	APURIMAC	ANTABAMBA	SABAINO
030401	APURIMAC / AYMARAES / CHALHUANCA	APURIMAC	AYMARAES	CHALHUANCA
030402	APURIMAC / AYMARAES / CAPAYA	APURIMAC	AYMARAES	CAPAYA
030403	APURIMAC / AYMARAES / CARAYBAMBA	APURIMAC	AYMARAES	CARAYBAMBA
030404	APURIMAC / AYMARAES / CHAPIMARCA	APURIMAC	AYMARAES	CHAPIMARCA
030405	APURIMAC / AYMARAES / COLCABAMBA	APURIMAC	AYMARAES	COLCABAMBA
030406	APURIMAC / AYMARAES / COTARUSE	APURIMAC	AYMARAES	COTARUSE
030407	APURIMAC / AYMARAES / HUAYLLO	APURIMAC	AYMARAES	HUAYLLO
030408	APURIMAC / AYMARAES / JUSTO APU SAHUARAURA	APURIMAC	AYMARAES	JUSTO APU SAHUARAURA
030409	APURIMAC / AYMARAES / LUCRE	APURIMAC	AYMARAES	LUCRE
030410	APURIMAC / AYMARAES / POCOHUANCA	APURIMAC	AYMARAES	POCOHUANCA
030411	APURIMAC / AYMARAES / SAN JUAN DE CHACÑA	APURIMAC	AYMARAES	SAN JUAN DE CHACÑA
030412	APURIMAC / AYMARAES / SAÑAYCA	APURIMAC	AYMARAES	SAÑAYCA
030413	APURIMAC / AYMARAES / SORAYA	APURIMAC	AYMARAES	SORAYA
030414	APURIMAC / AYMARAES / TAPAIRIHUA	APURIMAC	AYMARAES	TAPAIRIHUA
030415	APURIMAC / AYMARAES / TINTAY	APURIMAC	AYMARAES	TINTAY
030416	APURIMAC / AYMARAES / TORAYA	APURIMAC	AYMARAES	TORAYA
030417	APURIMAC / AYMARAES / YANACA	APURIMAC	AYMARAES	YANACA
030501	APURIMAC / COTABAMBAS / TAMBOBAMBA	APURIMAC	COTABAMBAS	TAMBOBAMBA
030502	APURIMAC / COTABAMBAS / COTABAMBAS	APURIMAC	COTABAMBAS	COTABAMBAS
030503	APURIMAC / COTABAMBAS / COYLLURQUI	APURIMAC	COTABAMBAS	COYLLURQUI
030504	APURIMAC / COTABAMBAS / HAQUIRA	APURIMAC	COTABAMBAS	HAQUIRA
030505	APURIMAC / COTABAMBAS / MARA	APURIMAC	COTABAMBAS	MARA
030506	APURIMAC / COTABAMBAS / CHALLHUAHUACHO	APURIMAC	COTABAMBAS	CHALLHUAHUACHO
030601	APURIMAC / CHINCHEROS / CHINCHEROS	APURIMAC	CHINCHEROS	CHINCHEROS
030602	APURIMAC / CHINCHEROS / ANCO-HUALLO	APURIMAC	CHINCHEROS	ANCO-HUALLO
030603	APURIMAC / CHINCHEROS / COCHARCAS	APURIMAC	CHINCHEROS	COCHARCAS
030604	APURIMAC / CHINCHEROS / HUACCANA	APURIMAC	CHINCHEROS	HUACCANA
030605	APURIMAC / CHINCHEROS / OCOBAMBA	APURIMAC	CHINCHEROS	OCOBAMBA
030606	APURIMAC / CHINCHEROS / ONGOY	APURIMAC	CHINCHEROS	ONGOY
030607	APURIMAC / CHINCHEROS / URANMARCA	APURIMAC	CHINCHEROS	URANMARCA
030608	APURIMAC / CHINCHEROS / RANRACANCHA	APURIMAC	CHINCHEROS	RANRACANCHA
030609	APURIMAC / CHINCHEROS / ROCCHACC	APURIMAC	CHINCHEROS	ROCCHACC
030610	APURIMAC / CHINCHEROS / EL PORVENIR	APURIMAC	CHINCHEROS	EL PORVENIR
030611	APURIMAC / CHINCHEROS / LOS CHANKAS	APURIMAC	CHINCHEROS	LOS CHANKAS
030612	APURIMAC / CHINCHEROS / AHUAYRO	APURIMAC	CHINCHEROS	AHUAYRO
030701	APURIMAC / GRAU / CHUQUIBAMBILLA	APURIMAC	GRAU	CHUQUIBAMBILLA
030702	APURIMAC / GRAU / CURPAHUASI	APURIMAC	GRAU	CURPAHUASI
030703	APURIMAC / GRAU / GAMARRA	APURIMAC	GRAU	GAMARRA
030704	APURIMAC / GRAU / HUAYLLATI	APURIMAC	GRAU	HUAYLLATI
030705	APURIMAC / GRAU / MAMARA	APURIMAC	GRAU	MAMARA
030706	APURIMAC / GRAU / MICAELA BASTIDAS	APURIMAC	GRAU	MICAELA BASTIDAS
030707	APURIMAC / GRAU / PATAYPAMPA	APURIMAC	GRAU	PATAYPAMPA
030708	APURIMAC / GRAU / PROGRESO	APURIMAC	GRAU	PROGRESO
030709	APURIMAC / GRAU / SAN ANTONIO	APURIMAC	GRAU	SAN ANTONIO
030710	APURIMAC / GRAU / SANTA ROSA	APURIMAC	GRAU	SANTA ROSA
030711	APURIMAC / GRAU / TURPAY	APURIMAC	GRAU	TURPAY
030712	APURIMAC / GRAU / VILCABAMBA	APURIMAC	GRAU	VILCABAMBA
030713	APURIMAC / GRAU / VIRUNDO	APURIMAC	GRAU	VIRUNDO
030714	APURIMAC / GRAU / CURASCO	APURIMAC	GRAU	CURASCO
040101	AREQUIPA / AREQUIPA / AREQUIPA	AREQUIPA	AREQUIPA	AREQUIPA
040102	AREQUIPA / AREQUIPA / ALTO SELVA ALEGRE	AREQUIPA	AREQUIPA	ALTO SELVA ALEGRE
040103	AREQUIPA / AREQUIPA / CAYMA	AREQUIPA	AREQUIPA	CAYMA
040104	AREQUIPA / AREQUIPA / CERRO COLORADO	AREQUIPA	AREQUIPA	CERRO COLORADO
040105	AREQUIPA / AREQUIPA / CHARACATO	AREQUIPA	AREQUIPA	CHARACATO
040106	AREQUIPA / AREQUIPA / CHIGUATA	AREQUIPA	AREQUIPA	CHIGUATA
040107	AREQUIPA / AREQUIPA / JACOBO HUNTER	AREQUIPA	AREQUIPA	JACOBO HUNTER
040108	AREQUIPA / AREQUIPA / LA JOYA	AREQUIPA	AREQUIPA	LA JOYA
040109	AREQUIPA / AREQUIPA / MARIANO MELGAR	AREQUIPA	AREQUIPA	MARIANO MELGAR
040110	AREQUIPA / AREQUIPA / MIRAFLORES	AREQUIPA	AREQUIPA	MIRAFLORES
040111	AREQUIPA / AREQUIPA / MOLLEBAYA	AREQUIPA	AREQUIPA	MOLLEBAYA
040112	AREQUIPA / AREQUIPA / PAUCARPATA	AREQUIPA	AREQUIPA	PAUCARPATA
040113	AREQUIPA / AREQUIPA / POCSI	AREQUIPA	AREQUIPA	POCSI
040114	AREQUIPA / AREQUIPA / POLOBAYA	AREQUIPA	AREQUIPA	POLOBAYA
040115	AREQUIPA / AREQUIPA / QUEQUEÑA	AREQUIPA	AREQUIPA	QUEQUEÑA
040116	AREQUIPA / AREQUIPA / SABANDIA	AREQUIPA	AREQUIPA	SABANDIA
040117	AREQUIPA / AREQUIPA / SACHACA	AREQUIPA	AREQUIPA	SACHACA
040118	AREQUIPA / AREQUIPA / SAN JUAN DE SIGUAS	AREQUIPA	AREQUIPA	SAN JUAN DE SIGUAS
040119	AREQUIPA / AREQUIPA / SAN JUAN DE TARUCANI	AREQUIPA	AREQUIPA	SAN JUAN DE TARUCANI
040120	AREQUIPA / AREQUIPA / SANTA ISABEL DE SIGUAS	AREQUIPA	AREQUIPA	SANTA ISABEL DE SIGUAS
040121	AREQUIPA / AREQUIPA / SANTA RITA DE SIGUAS	AREQUIPA	AREQUIPA	SANTA RITA DE SIGUAS
040122	AREQUIPA / AREQUIPA / SOCABAYA	AREQUIPA	AREQUIPA	SOCABAYA
040123	AREQUIPA / AREQUIPA / TIABAYA	AREQUIPA	AREQUIPA	TIABAYA
040124	AREQUIPA / AREQUIPA / UCHUMAYO	AREQUIPA	AREQUIPA	UCHUMAYO
040125	AREQUIPA / AREQUIPA / VITOR	AREQUIPA	AREQUIPA	VITOR
040126	AREQUIPA / AREQUIPA / YANAHUARA	AREQUIPA	AREQUIPA	YANAHUARA
040127	AREQUIPA / AREQUIPA / YARABAMBA	AREQUIPA	AREQUIPA	YARABAMBA
040128	AREQUIPA / AREQUIPA / YURA	AREQUIPA	AREQUIPA	YURA
040129	AREQUIPA / AREQUIPA / JOSE LUIS BUSTAMANTE Y RIVERO	AREQUIPA	AREQUIPA	JOSE LUIS BUSTAMANTE Y RIVERO
040201	AREQUIPA / CAMANA / CAMANA	AREQUIPA	CAMANA	CAMANA
040202	AREQUIPA / CAMANA / JOSE MARIA QUIMPER	AREQUIPA	CAMANA	JOSE MARIA QUIMPER
040203	AREQUIPA / CAMANA / MARIANO NICOLAS VALCARCEL	AREQUIPA	CAMANA	MARIANO NICOLAS VALCARCEL
040204	AREQUIPA / CAMANA / MARISCAL CACERES	AREQUIPA	CAMANA	MARISCAL CACERES
040205	AREQUIPA / CAMANA / NICOLAS DE PIEROLA	AREQUIPA	CAMANA	NICOLAS DE PIEROLA
040206	AREQUIPA / CAMANA / OCOÑA	AREQUIPA	CAMANA	OCOÑA
040207	AREQUIPA / CAMANA / QUILCA	AREQUIPA	CAMANA	QUILCA
040208	AREQUIPA / CAMANA / SAMUEL PASTOR	AREQUIPA	CAMANA	SAMUEL PASTOR
040301	AREQUIPA / CARAVELI / CARAVELI	AREQUIPA	CARAVELI	CARAVELI
040302	AREQUIPA / CARAVELI / ACARI	AREQUIPA	CARAVELI	ACARI
040303	AREQUIPA / CARAVELI / ATICO	AREQUIPA	CARAVELI	ATICO
040304	AREQUIPA / CARAVELI / ATIQUIPA	AREQUIPA	CARAVELI	ATIQUIPA
040305	AREQUIPA / CARAVELI / BELLA UNION	AREQUIPA	CARAVELI	BELLA UNION
040306	AREQUIPA / CARAVELI / CAHUACHO	AREQUIPA	CARAVELI	CAHUACHO
040307	AREQUIPA / CARAVELI / CHALA	AREQUIPA	CARAVELI	CHALA
040308	AREQUIPA / CARAVELI / CHAPARRA	AREQUIPA	CARAVELI	CHAPARRA
040309	AREQUIPA / CARAVELI / HUANUHUANU	AREQUIPA	CARAVELI	HUANUHUANU
040310	AREQUIPA / CARAVELI / JAQUI	AREQUIPA	CARAVELI	JAQUI
040311	AREQUIPA / CARAVELI / LOMAS	AREQUIPA	CARAVELI	LOMAS
040312	AREQUIPA / CARAVELI / QUICACHA	AREQUIPA	CARAVELI	QUICACHA
040313	AREQUIPA / CARAVELI / YAUCA	AREQUIPA	CARAVELI	YAUCA
040401	AREQUIPA / CASTILLA / APLAO	AREQUIPA	CASTILLA	APLAO
040402	AREQUIPA / CASTILLA / ANDAGUA	AREQUIPA	CASTILLA	ANDAGUA
040403	AREQUIPA / CASTILLA / AYO	AREQUIPA	CASTILLA	AYO
040404	AREQUIPA / CASTILLA / CHACHAS	AREQUIPA	CASTILLA	CHACHAS
040405	AREQUIPA / CASTILLA / CHILCAYMARCA	AREQUIPA	CASTILLA	CHILCAYMARCA
040406	AREQUIPA / CASTILLA / CHOCO	AREQUIPA	CASTILLA	CHOCO
040407	AREQUIPA / CASTILLA / HUANCARQUI	AREQUIPA	CASTILLA	HUANCARQUI
040408	AREQUIPA / CASTILLA / MACHAGUAY	AREQUIPA	CASTILLA	MACHAGUAY
040409	AREQUIPA / CASTILLA / ORCOPAMPA	AREQUIPA	CASTILLA	ORCOPAMPA
040410	AREQUIPA / CASTILLA / PAMPACOLCA	AREQUIPA	CASTILLA	PAMPACOLCA
040411	AREQUIPA / CASTILLA / TIPAN	AREQUIPA	CASTILLA	TIPAN
040412	AREQUIPA / CASTILLA / UÑON	AREQUIPA	CASTILLA	UÑON
040413	AREQUIPA / CASTILLA / URACA	AREQUIPA	CASTILLA	URACA
040414	AREQUIPA / CASTILLA / VIRACO	AREQUIPA	CASTILLA	VIRACO
040501	AREQUIPA / CAYLLOMA / CHIVAY	AREQUIPA	CAYLLOMA	CHIVAY
040502	AREQUIPA / CAYLLOMA / ACHOMA	AREQUIPA	CAYLLOMA	ACHOMA
040503	AREQUIPA / CAYLLOMA / CABANACONDE	AREQUIPA	CAYLLOMA	CABANACONDE
040504	AREQUIPA / CAYLLOMA / CALLALLI	AREQUIPA	CAYLLOMA	CALLALLI
040505	AREQUIPA / CAYLLOMA / CAYLLOMA	AREQUIPA	CAYLLOMA	CAYLLOMA
040506	AREQUIPA / CAYLLOMA / COPORAQUE	AREQUIPA	CAYLLOMA	COPORAQUE
040507	AREQUIPA / CAYLLOMA / HUAMBO	AREQUIPA	CAYLLOMA	HUAMBO
040508	AREQUIPA / CAYLLOMA / HUANCA	AREQUIPA	CAYLLOMA	HUANCA
040509	AREQUIPA / CAYLLOMA / ICHUPAMPA	AREQUIPA	CAYLLOMA	ICHUPAMPA
040510	AREQUIPA / CAYLLOMA / LARI	AREQUIPA	CAYLLOMA	LARI
040511	AREQUIPA / CAYLLOMA / LLUTA	AREQUIPA	CAYLLOMA	LLUTA
040512	AREQUIPA / CAYLLOMA / MACA	AREQUIPA	CAYLLOMA	MACA
040513	AREQUIPA / CAYLLOMA / MADRIGAL	AREQUIPA	CAYLLOMA	MADRIGAL
040514	AREQUIPA / CAYLLOMA / SAN ANTONIO DE CHUCA	AREQUIPA	CAYLLOMA	SAN ANTONIO DE CHUCA
040515	AREQUIPA / CAYLLOMA / SIBAYO	AREQUIPA	CAYLLOMA	SIBAYO
040516	AREQUIPA / CAYLLOMA / TAPAY	AREQUIPA	CAYLLOMA	TAPAY
040517	AREQUIPA / CAYLLOMA / TISCO	AREQUIPA	CAYLLOMA	TISCO
040518	AREQUIPA / CAYLLOMA / TUTI	AREQUIPA	CAYLLOMA	TUTI
040519	AREQUIPA / CAYLLOMA / YANQUE	AREQUIPA	CAYLLOMA	YANQUE
040520	AREQUIPA / CAYLLOMA / MAJES	AREQUIPA	CAYLLOMA	MAJES
040601	AREQUIPA / CONDESUYOS / CHUQUIBAMBA	AREQUIPA	CONDESUYOS	CHUQUIBAMBA
040602	AREQUIPA / CONDESUYOS / ANDARAY	AREQUIPA	CONDESUYOS	ANDARAY
040603	AREQUIPA / CONDESUYOS / CAYARANI	AREQUIPA	CONDESUYOS	CAYARANI
040604	AREQUIPA / CONDESUYOS / CHICHAS	AREQUIPA	CONDESUYOS	CHICHAS
040605	AREQUIPA / CONDESUYOS / IRAY	AREQUIPA	CONDESUYOS	IRAY
040606	AREQUIPA / CONDESUYOS / RIO GRANDE	AREQUIPA	CONDESUYOS	RIO GRANDE
040607	AREQUIPA / CONDESUYOS / SALAMANCA	AREQUIPA	CONDESUYOS	SALAMANCA
040608	AREQUIPA / CONDESUYOS / YANAQUIHUA	AREQUIPA	CONDESUYOS	YANAQUIHUA
040701	AREQUIPA / ISLAY / MOLLENDO	AREQUIPA	ISLAY	MOLLENDO
040702	AREQUIPA / ISLAY / COCACHACRA	AREQUIPA	ISLAY	COCACHACRA
040703	AREQUIPA / ISLAY / DEAN VALDIVIA	AREQUIPA	ISLAY	DEAN VALDIVIA
040704	AREQUIPA / ISLAY / ISLAY	AREQUIPA	ISLAY	ISLAY
040705	AREQUIPA / ISLAY / MEJIA	AREQUIPA	ISLAY	MEJIA
040706	AREQUIPA / ISLAY / PUNTA DE BOMBON	AREQUIPA	ISLAY	PUNTA DE BOMBON
040801	AREQUIPA / LA UNION / COTAHUASI	AREQUIPA	LA UNION	COTAHUASI
040802	AREQUIPA / LA UNION / ALCA	AREQUIPA	LA UNION	ALCA
040803	AREQUIPA / LA UNION / CHARCANA	AREQUIPA	LA UNION	CHARCANA
040804	AREQUIPA / LA UNION / HUAYNACOTAS	AREQUIPA	LA UNION	HUAYNACOTAS
040805	AREQUIPA / LA UNION / PAMPAMARCA	AREQUIPA	LA UNION	PAMPAMARCA
040806	AREQUIPA / LA UNION / PUYCA	AREQUIPA	LA UNION	PUYCA
040807	AREQUIPA / LA UNION / QUECHUALLA	AREQUIPA	LA UNION	QUECHUALLA
040808	AREQUIPA / LA UNION / SAYLA	AREQUIPA	LA UNION	SAYLA
040809	AREQUIPA / LA UNION / TAURIA	AREQUIPA	LA UNION	TAURIA
040810	AREQUIPA / LA UNION / TOMEPAMPA	AREQUIPA	LA UNION	TOMEPAMPA
040811	AREQUIPA / LA UNION / TORO	AREQUIPA	LA UNION	TORO
050101	AYACUCHO / HUAMANGA / AYACUCHO	AYACUCHO	HUAMANGA	AYACUCHO
050102	AYACUCHO / HUAMANGA / ACOCRO	AYACUCHO	HUAMANGA	ACOCRO
050103	AYACUCHO / HUAMANGA / ACOS VINCHOS	AYACUCHO	HUAMANGA	ACOS VINCHOS
050104	AYACUCHO / HUAMANGA / CARMEN ALTO	AYACUCHO	HUAMANGA	CARMEN ALTO
050105	AYACUCHO / HUAMANGA / CHIARA	AYACUCHO	HUAMANGA	CHIARA
050106	AYACUCHO / HUAMANGA / OCROS	AYACUCHO	HUAMANGA	OCROS
050107	AYACUCHO / HUAMANGA / PACAYCASA	AYACUCHO	HUAMANGA	PACAYCASA
050108	AYACUCHO / HUAMANGA / QUINUA	AYACUCHO	HUAMANGA	QUINUA
050109	AYACUCHO / HUAMANGA / SAN JOSE DE TICLLAS	AYACUCHO	HUAMANGA	SAN JOSE DE TICLLAS
050110	AYACUCHO / HUAMANGA / SAN JUAN BAUTISTA	AYACUCHO	HUAMANGA	SAN JUAN BAUTISTA
050111	AYACUCHO / HUAMANGA / SANTIAGO DE PISCHA	AYACUCHO	HUAMANGA	SANTIAGO DE PISCHA
050112	AYACUCHO / HUAMANGA / SOCOS	AYACUCHO	HUAMANGA	SOCOS
050113	AYACUCHO / HUAMANGA / TAMBILLO	AYACUCHO	HUAMANGA	TAMBILLO
050114	AYACUCHO / HUAMANGA / VINCHOS	AYACUCHO	HUAMANGA	VINCHOS
050115	AYACUCHO / HUAMANGA / JESUS NAZARENO	AYACUCHO	HUAMANGA	JESUS NAZARENO
050116	AYACUCHO / HUAMANGA / ANDRES AVELINO CACERES DORREGARAY	AYACUCHO	HUAMANGA	ANDRES AVELINO CACERES DORREGARAY
050201	AYACUCHO / CANGALLO / CANGALLO	AYACUCHO	CANGALLO	CANGALLO
050202	AYACUCHO / CANGALLO / CHUSCHI	AYACUCHO	CANGALLO	CHUSCHI
050203	AYACUCHO / CANGALLO / LOS MOROCHUCOS	AYACUCHO	CANGALLO	LOS MOROCHUCOS
050204	AYACUCHO / CANGALLO / MARIA PARADO DE BELLIDO	AYACUCHO	CANGALLO	MARIA PARADO DE BELLIDO
050205	AYACUCHO / CANGALLO / PARAS	AYACUCHO	CANGALLO	PARAS
050206	AYACUCHO / CANGALLO / TOTOS	AYACUCHO	CANGALLO	TOTOS
050301	AYACUCHO / HUANCA SANCOS / SANCOS	AYACUCHO	HUANCA SANCOS	SANCOS
050302	AYACUCHO / HUANCA SANCOS / CARAPO	AYACUCHO	HUANCA SANCOS	CARAPO
050303	AYACUCHO / HUANCA SANCOS / SACSAMARCA	AYACUCHO	HUANCA SANCOS	SACSAMARCA
050304	AYACUCHO / HUANCA SANCOS / SANTIAGO DE LUCANAMARCA	AYACUCHO	HUANCA SANCOS	SANTIAGO DE LUCANAMARCA
050401	AYACUCHO / HUANTA / HUANTA	AYACUCHO	HUANTA	HUANTA
050402	AYACUCHO / HUANTA / AYAHUANCO	AYACUCHO	HUANTA	AYAHUANCO
050403	AYACUCHO / HUANTA / HUAMANGUILLA	AYACUCHO	HUANTA	HUAMANGUILLA
050404	AYACUCHO / HUANTA / IGUAIN	AYACUCHO	HUANTA	IGUAIN
050405	AYACUCHO / HUANTA / LURICOCHA	AYACUCHO	HUANTA	LURICOCHA
050406	AYACUCHO / HUANTA / SANTILLANA	AYACUCHO	HUANTA	SANTILLANA
050407	AYACUCHO / HUANTA / SIVIA	AYACUCHO	HUANTA	SIVIA
050408	AYACUCHO / HUANTA / LLOCHEGUA	AYACUCHO	HUANTA	LLOCHEGUA
050409	AYACUCHO / HUANTA / CANAYRE	AYACUCHO	HUANTA	CANAYRE
050410	AYACUCHO / HUANTA / UCHURACCAY	AYACUCHO	HUANTA	UCHURACCAY
050411	AYACUCHO / HUANTA / PUCACOLPA	AYACUCHO	HUANTA	PUCACOLPA
050412	AYACUCHO / HUANTA / CHACA	AYACUCHO	HUANTA	CHACA
050413	AYACUCHO / HUANTA / PUTIS	AYACUCHO	HUANTA	PUTIS
050501	AYACUCHO / LA MAR / SAN MIGUEL	AYACUCHO	LA MAR	SAN MIGUEL
050502	AYACUCHO / LA MAR / ANCO	AYACUCHO	LA MAR	ANCO
050503	AYACUCHO / LA MAR / AYNA	AYACUCHO	LA MAR	AYNA
050504	AYACUCHO / LA MAR / CHILCAS	AYACUCHO	LA MAR	CHILCAS
050505	AYACUCHO / LA MAR / CHUNGUI	AYACUCHO	LA MAR	CHUNGUI
050506	AYACUCHO / LA MAR / LUIS CARRANZA	AYACUCHO	LA MAR	LUIS CARRANZA
050507	AYACUCHO / LA MAR / SANTA ROSA	AYACUCHO	LA MAR	SANTA ROSA
050508	AYACUCHO / LA MAR / TAMBO	AYACUCHO	LA MAR	TAMBO
050509	AYACUCHO / LA MAR / SAMUGARI	AYACUCHO	LA MAR	SAMUGARI
050510	AYACUCHO / LA MAR / ANCHIHUAY	AYACUCHO	LA MAR	ANCHIHUAY
050511	AYACUCHO / LA MAR / ORONCCOY	AYACUCHO	LA MAR	ORONCCOY
050512	AYACUCHO / LA MAR / UNION PROGRESO	AYACUCHO	LA MAR	UNION PROGRESO
050513	AYACUCHO / LA MAR / RIO MAGDALENA	AYACUCHO	LA MAR	RIO MAGDALENA
050514	AYACUCHO / LA MAR / NINABAMBA	AYACUCHO	LA MAR	NINABAMBA
050515	AYACUCHO / LA MAR / PATIBAMBA	AYACUCHO	LA MAR	PATIBAMBA
050601	AYACUCHO / LUCANAS / PUQUIO	AYACUCHO	LUCANAS	PUQUIO
050602	AYACUCHO / LUCANAS / AUCARA	AYACUCHO	LUCANAS	AUCARA
050603	AYACUCHO / LUCANAS / CABANA	AYACUCHO	LUCANAS	CABANA
050604	AYACUCHO / LUCANAS / CARMEN SALCEDO	AYACUCHO	LUCANAS	CARMEN SALCEDO
050605	AYACUCHO / LUCANAS / CHAVIÑA	AYACUCHO	LUCANAS	CHAVIÑA
050606	AYACUCHO / LUCANAS / CHIPAO	AYACUCHO	LUCANAS	CHIPAO
050607	AYACUCHO / LUCANAS / HUAC-HUAS	AYACUCHO	LUCANAS	HUAC-HUAS
050608	AYACUCHO / LUCANAS / LARAMATE	AYACUCHO	LUCANAS	LARAMATE
050609	AYACUCHO / LUCANAS / LEONCIO PRADO	AYACUCHO	LUCANAS	LEONCIO PRADO
050610	AYACUCHO / LUCANAS / LLAUTA	AYACUCHO	LUCANAS	LLAUTA
050611	AYACUCHO / LUCANAS / LUCANAS	AYACUCHO	LUCANAS	LUCANAS
050612	AYACUCHO / LUCANAS / OCAÑA	AYACUCHO	LUCANAS	OCAÑA
050613	AYACUCHO / LUCANAS / OTOCA	AYACUCHO	LUCANAS	OTOCA
050614	AYACUCHO / LUCANAS / SAISA	AYACUCHO	LUCANAS	SAISA
050615	AYACUCHO / LUCANAS / SAN CRISTOBAL	AYACUCHO	LUCANAS	SAN CRISTOBAL
050616	AYACUCHO / LUCANAS / SAN JUAN	AYACUCHO	LUCANAS	SAN JUAN
050617	AYACUCHO / LUCANAS / SAN PEDRO	AYACUCHO	LUCANAS	SAN PEDRO
050618	AYACUCHO / LUCANAS / SAN PEDRO DE PALCO	AYACUCHO	LUCANAS	SAN PEDRO DE PALCO
050619	AYACUCHO / LUCANAS / SANCOS	AYACUCHO	LUCANAS	SANCOS
050620	AYACUCHO / LUCANAS / SANTA ANA DE HUAYCAHUACHO	AYACUCHO	LUCANAS	SANTA ANA DE HUAYCAHUACHO
050621	AYACUCHO / LUCANAS / SANTA LUCIA	AYACUCHO	LUCANAS	SANTA LUCIA
050701	AYACUCHO / PARINACOCHAS / CORACORA	AYACUCHO	PARINACOCHAS	CORACORA
050702	AYACUCHO / PARINACOCHAS / CHUMPI	AYACUCHO	PARINACOCHAS	CHUMPI
050703	AYACUCHO / PARINACOCHAS / CORONEL CASTAÑEDA	AYACUCHO	PARINACOCHAS	CORONEL CASTAÑEDA
050704	AYACUCHO / PARINACOCHAS / PACAPAUSA	AYACUCHO	PARINACOCHAS	PACAPAUSA
050705	AYACUCHO / PARINACOCHAS / PULLO	AYACUCHO	PARINACOCHAS	PULLO
050706	AYACUCHO / PARINACOCHAS / PUYUSCA	AYACUCHO	PARINACOCHAS	PUYUSCA
050707	AYACUCHO / PARINACOCHAS / SAN FRANCISCO DE RAVACAYCO	AYACUCHO	PARINACOCHAS	SAN FRANCISCO DE RAVACAYCO
050708	AYACUCHO / PARINACOCHAS / UPAHUACHO	AYACUCHO	PARINACOCHAS	UPAHUACHO
050801	AYACUCHO / PAUCAR DEL SARA SARA / PAUSA	AYACUCHO	PAUCAR DEL SARA SARA	PAUSA
050802	AYACUCHO / PAUCAR DEL SARA SARA / COLTA	AYACUCHO	PAUCAR DEL SARA SARA	COLTA
050803	AYACUCHO / PAUCAR DEL SARA SARA / CORCULLA	AYACUCHO	PAUCAR DEL SARA SARA	CORCULLA
050804	AYACUCHO / PAUCAR DEL SARA SARA / LAMPA	AYACUCHO	PAUCAR DEL SARA SARA	LAMPA
050805	AYACUCHO / PAUCAR DEL SARA SARA / MARCABAMBA	AYACUCHO	PAUCAR DEL SARA SARA	MARCABAMBA
050806	AYACUCHO / PAUCAR DEL SARA SARA / OYOLO	AYACUCHO	PAUCAR DEL SARA SARA	OYOLO
050807	AYACUCHO / PAUCAR DEL SARA SARA / PARARCA	AYACUCHO	PAUCAR DEL SARA SARA	PARARCA
050808	AYACUCHO / PAUCAR DEL SARA SARA / SAN JAVIER DE ALPABAMBA	AYACUCHO	PAUCAR DEL SARA SARA	SAN JAVIER DE ALPABAMBA
050809	AYACUCHO / PAUCAR DEL SARA SARA / SAN JOSE DE USHUA	AYACUCHO	PAUCAR DEL SARA SARA	SAN JOSE DE USHUA
050810	AYACUCHO / PAUCAR DEL SARA SARA / SARA SARA	AYACUCHO	PAUCAR DEL SARA SARA	SARA SARA
050901	AYACUCHO / SUCRE / QUEROBAMBA	AYACUCHO	SUCRE	QUEROBAMBA
050902	AYACUCHO / SUCRE / BELEN	AYACUCHO	SUCRE	BELEN
050903	AYACUCHO / SUCRE / CHALCOS	AYACUCHO	SUCRE	CHALCOS
050904	AYACUCHO / SUCRE / CHILCAYOC	AYACUCHO	SUCRE	CHILCAYOC
050905	AYACUCHO / SUCRE / HUACAÑA	AYACUCHO	SUCRE	HUACAÑA
050906	AYACUCHO / SUCRE / MORCOLLA	AYACUCHO	SUCRE	MORCOLLA
050907	AYACUCHO / SUCRE / PAICO	AYACUCHO	SUCRE	PAICO
050908	AYACUCHO / SUCRE / SAN PEDRO DE LARCAY	AYACUCHO	SUCRE	SAN PEDRO DE LARCAY
050909	AYACUCHO / SUCRE / SAN SALVADOR DE QUIJE	AYACUCHO	SUCRE	SAN SALVADOR DE QUIJE
050910	AYACUCHO / SUCRE / SANTIAGO DE PAUCARAY	AYACUCHO	SUCRE	SANTIAGO DE PAUCARAY
050911	AYACUCHO / SUCRE / SORAS	AYACUCHO	SUCRE	SORAS
051001	AYACUCHO / VICTOR FAJARDO / HUANCAPI	AYACUCHO	VICTOR FAJARDO	HUANCAPI
051002	AYACUCHO / VICTOR FAJARDO / ALCAMENCA	AYACUCHO	VICTOR FAJARDO	ALCAMENCA
051003	AYACUCHO / VICTOR FAJARDO / APONGO	AYACUCHO	VICTOR FAJARDO	APONGO
051004	AYACUCHO / VICTOR FAJARDO / ASQUIPATA	AYACUCHO	VICTOR FAJARDO	ASQUIPATA
051005	AYACUCHO / VICTOR FAJARDO / CANARIA	AYACUCHO	VICTOR FAJARDO	CANARIA
051006	AYACUCHO / VICTOR FAJARDO / CAYARA	AYACUCHO	VICTOR FAJARDO	CAYARA
051007	AYACUCHO / VICTOR FAJARDO / COLCA	AYACUCHO	VICTOR FAJARDO	COLCA
051008	AYACUCHO / VICTOR FAJARDO / HUAMANQUIQUIA	AYACUCHO	VICTOR FAJARDO	HUAMANQUIQUIA
051009	AYACUCHO / VICTOR FAJARDO / HUANCARAYLLA	AYACUCHO	VICTOR FAJARDO	HUANCARAYLLA
051010	AYACUCHO / VICTOR FAJARDO / HUAYA	AYACUCHO	VICTOR FAJARDO	HUAYA
051011	AYACUCHO / VICTOR FAJARDO / SARHUA	AYACUCHO	VICTOR FAJARDO	SARHUA
051012	AYACUCHO / VICTOR FAJARDO / VILCANCHOS	AYACUCHO	VICTOR FAJARDO	VILCANCHOS
051101	AYACUCHO / VILCAS HUAMAN / VILCAS HUAMAN	AYACUCHO	VILCAS HUAMAN	VILCAS HUAMAN
051102	AYACUCHO / VILCAS HUAMAN / ACCOMARCA	AYACUCHO	VILCAS HUAMAN	ACCOMARCA
051103	AYACUCHO / VILCAS HUAMAN / CARHUANCA	AYACUCHO	VILCAS HUAMAN	CARHUANCA
051104	AYACUCHO / VILCAS HUAMAN / CONCEPCION	AYACUCHO	VILCAS HUAMAN	CONCEPCION
051105	AYACUCHO / VILCAS HUAMAN / HUAMBALPA	AYACUCHO	VILCAS HUAMAN	HUAMBALPA
051106	AYACUCHO / VILCAS HUAMAN / INDEPENDENCIA	AYACUCHO	VILCAS HUAMAN	INDEPENDENCIA
051107	AYACUCHO / VILCAS HUAMAN / SAURAMA	AYACUCHO	VILCAS HUAMAN	SAURAMA
051108	AYACUCHO / VILCAS HUAMAN / VISCHONGO	AYACUCHO	VILCAS HUAMAN	VISCHONGO
060101	CAJAMARCA / CAJAMARCA / CAJAMARCA	CAJAMARCA	CAJAMARCA	CAJAMARCA
060102	CAJAMARCA / CAJAMARCA / ASUNCION	CAJAMARCA	CAJAMARCA	ASUNCION
060103	CAJAMARCA / CAJAMARCA / CHETILLA	CAJAMARCA	CAJAMARCA	CHETILLA
060104	CAJAMARCA / CAJAMARCA / COSPAN	CAJAMARCA	CAJAMARCA	COSPAN
060105	CAJAMARCA / CAJAMARCA / ENCAÑADA	CAJAMARCA	CAJAMARCA	ENCAÑADA
060106	CAJAMARCA / CAJAMARCA / JESUS	CAJAMARCA	CAJAMARCA	JESUS
060107	CAJAMARCA / CAJAMARCA / LLACANORA	CAJAMARCA	CAJAMARCA	LLACANORA
060108	CAJAMARCA / CAJAMARCA / LOS BAÑOS DEL INCA	CAJAMARCA	CAJAMARCA	LOS BAÑOS DEL INCA
060109	CAJAMARCA / CAJAMARCA / MAGDALENA	CAJAMARCA	CAJAMARCA	MAGDALENA
060110	CAJAMARCA / CAJAMARCA / MATARA	CAJAMARCA	CAJAMARCA	MATARA
060111	CAJAMARCA / CAJAMARCA / NAMORA	CAJAMARCA	CAJAMARCA	NAMORA
060112	CAJAMARCA / CAJAMARCA / SAN JUAN	CAJAMARCA	CAJAMARCA	SAN JUAN
060201	CAJAMARCA / CAJABAMBA / CAJABAMBA	CAJAMARCA	CAJABAMBA	CAJABAMBA
060202	CAJAMARCA / CAJABAMBA / CACHACHI	CAJAMARCA	CAJABAMBA	CACHACHI
060203	CAJAMARCA / CAJABAMBA / CONDEBAMBA	CAJAMARCA	CAJABAMBA	CONDEBAMBA
060204	CAJAMARCA / CAJABAMBA / SITACOCHA	CAJAMARCA	CAJABAMBA	SITACOCHA
060301	CAJAMARCA / CELENDIN / CELENDIN	CAJAMARCA	CELENDIN	CELENDIN
060302	CAJAMARCA / CELENDIN / CHUMUCH	CAJAMARCA	CELENDIN	CHUMUCH
060303	CAJAMARCA / CELENDIN / CORTEGANA	CAJAMARCA	CELENDIN	CORTEGANA
060304	CAJAMARCA / CELENDIN / HUASMIN	CAJAMARCA	CELENDIN	HUASMIN
060305	CAJAMARCA / CELENDIN / JORGE CHAVEZ	CAJAMARCA	CELENDIN	JORGE CHAVEZ
060306	CAJAMARCA / CELENDIN / JOSE GALVEZ	CAJAMARCA	CELENDIN	JOSE GALVEZ
060307	CAJAMARCA / CELENDIN / MIGUEL IGLESIAS	CAJAMARCA	CELENDIN	MIGUEL IGLESIAS
060308	CAJAMARCA / CELENDIN / OXAMARCA	CAJAMARCA	CELENDIN	OXAMARCA
060309	CAJAMARCA / CELENDIN / SOROCHUCO	CAJAMARCA	CELENDIN	SOROCHUCO
060310	CAJAMARCA / CELENDIN / SUCRE	CAJAMARCA	CELENDIN	SUCRE
060311	CAJAMARCA / CELENDIN / UTCO	CAJAMARCA	CELENDIN	UTCO
060312	CAJAMARCA / CELENDIN / LA LIBERTAD DE PALLAN	CAJAMARCA	CELENDIN	LA LIBERTAD DE PALLAN
060401	CAJAMARCA / CHOTA / CHOTA	CAJAMARCA	CHOTA	CHOTA
060402	CAJAMARCA / CHOTA / ANGUIA	CAJAMARCA	CHOTA	ANGUIA
060403	CAJAMARCA / CHOTA / CHADIN	CAJAMARCA	CHOTA	CHADIN
060404	CAJAMARCA / CHOTA / CHIGUIRIP	CAJAMARCA	CHOTA	CHIGUIRIP
060405	CAJAMARCA / CHOTA / CHIMBAN	CAJAMARCA	CHOTA	CHIMBAN
060406	CAJAMARCA / CHOTA / CHOROPAMPA	CAJAMARCA	CHOTA	CHOROPAMPA
060407	CAJAMARCA / CHOTA / COCHABAMBA	CAJAMARCA	CHOTA	COCHABAMBA
060408	CAJAMARCA / CHOTA / CONCHAN	CAJAMARCA	CHOTA	CONCHAN
060409	CAJAMARCA / CHOTA / HUAMBOS	CAJAMARCA	CHOTA	HUAMBOS
060410	CAJAMARCA / CHOTA / LAJAS	CAJAMARCA	CHOTA	LAJAS
060411	CAJAMARCA / CHOTA / LLAMA	CAJAMARCA	CHOTA	LLAMA
060412	CAJAMARCA / CHOTA / MIRACOSTA	CAJAMARCA	CHOTA	MIRACOSTA
060413	CAJAMARCA / CHOTA / PACCHA	CAJAMARCA	CHOTA	PACCHA
060414	CAJAMARCA / CHOTA / PION	CAJAMARCA	CHOTA	PION
060415	CAJAMARCA / CHOTA / QUEROCOTO	CAJAMARCA	CHOTA	QUEROCOTO
060416	CAJAMARCA / CHOTA / SAN JUAN DE LICUPIS	CAJAMARCA	CHOTA	SAN JUAN DE LICUPIS
060417	CAJAMARCA / CHOTA / TACABAMBA	CAJAMARCA	CHOTA	TACABAMBA
060418	CAJAMARCA / CHOTA / TOCMOCHE	CAJAMARCA	CHOTA	TOCMOCHE
060419	CAJAMARCA / CHOTA / CHALAMARCA	CAJAMARCA	CHOTA	CHALAMARCA
060501	CAJAMARCA / CONTUMAZA / CONTUMAZA	CAJAMARCA	CONTUMAZA	CONTUMAZA
060502	CAJAMARCA / CONTUMAZA / CHILETE	CAJAMARCA	CONTUMAZA	CHILETE
060503	CAJAMARCA / CONTUMAZA / CUPISNIQUE	CAJAMARCA	CONTUMAZA	CUPISNIQUE
060504	CAJAMARCA / CONTUMAZA / GUZMANGO	CAJAMARCA	CONTUMAZA	GUZMANGO
060505	CAJAMARCA / CONTUMAZA / SAN BENITO	CAJAMARCA	CONTUMAZA	SAN BENITO
060506	CAJAMARCA / CONTUMAZA / SANTA CRUZ DE TOLEDO	CAJAMARCA	CONTUMAZA	SANTA CRUZ DE TOLEDO
060507	CAJAMARCA / CONTUMAZA / TANTARICA	CAJAMARCA	CONTUMAZA	TANTARICA
060508	CAJAMARCA / CONTUMAZA / YONAN	CAJAMARCA	CONTUMAZA	YONAN
060601	CAJAMARCA / CUTERVO / CUTERVO	CAJAMARCA	CUTERVO	CUTERVO
060602	CAJAMARCA / CUTERVO / CALLAYUC	CAJAMARCA	CUTERVO	CALLAYUC
060603	CAJAMARCA / CUTERVO / CHOROS	CAJAMARCA	CUTERVO	CHOROS
060604	CAJAMARCA / CUTERVO / CUJILLO	CAJAMARCA	CUTERVO	CUJILLO
060605	CAJAMARCA / CUTERVO / LA RAMADA	CAJAMARCA	CUTERVO	LA RAMADA
060606	CAJAMARCA / CUTERVO / PIMPINGOS	CAJAMARCA	CUTERVO	PIMPINGOS
060607	CAJAMARCA / CUTERVO / QUEROCOTILLO	CAJAMARCA	CUTERVO	QUEROCOTILLO
060608	CAJAMARCA / CUTERVO / SAN ANDRES DE CUTERVO	CAJAMARCA	CUTERVO	SAN ANDRES DE CUTERVO
060609	CAJAMARCA / CUTERVO / SAN JUAN DE CUTERVO	CAJAMARCA	CUTERVO	SAN JUAN DE CUTERVO
060610	CAJAMARCA / CUTERVO / SAN LUIS DE LUCMA	CAJAMARCA	CUTERVO	SAN LUIS DE LUCMA
060611	CAJAMARCA / CUTERVO / SANTA CRUZ	CAJAMARCA	CUTERVO	SANTA CRUZ
060612	CAJAMARCA / CUTERVO / SANTO DOMINGO DE LA CAPILLA	CAJAMARCA	CUTERVO	SANTO DOMINGO DE LA CAPILLA
060613	CAJAMARCA / CUTERVO / SANTO TOMAS	CAJAMARCA	CUTERVO	SANTO TOMAS
060614	CAJAMARCA / CUTERVO / SOCOTA	CAJAMARCA	CUTERVO	SOCOTA
060615	CAJAMARCA / CUTERVO / TORIBIO CASANOVA	CAJAMARCA	CUTERVO	TORIBIO CASANOVA
060701	CAJAMARCA / HUALGAYOC / BAMBAMARCA	CAJAMARCA	HUALGAYOC	BAMBAMARCA
060702	CAJAMARCA / HUALGAYOC / CHUGUR	CAJAMARCA	HUALGAYOC	CHUGUR
060703	CAJAMARCA / HUALGAYOC / HUALGAYOC	CAJAMARCA	HUALGAYOC	HUALGAYOC
060801	CAJAMARCA / JAEN / JAEN	CAJAMARCA	JAEN	JAEN
060802	CAJAMARCA / JAEN / BELLAVISTA	CAJAMARCA	JAEN	BELLAVISTA
060803	CAJAMARCA / JAEN / CHONTALI	CAJAMARCA	JAEN	CHONTALI
060804	CAJAMARCA / JAEN / COLASAY	CAJAMARCA	JAEN	COLASAY
060805	CAJAMARCA / JAEN / HUABAL	CAJAMARCA	JAEN	HUABAL
060806	CAJAMARCA / JAEN / LAS PIRIAS	CAJAMARCA	JAEN	LAS PIRIAS
060807	CAJAMARCA / JAEN / POMAHUACA	CAJAMARCA	JAEN	POMAHUACA
060808	CAJAMARCA / JAEN / PUCARA	CAJAMARCA	JAEN	PUCARA
060809	CAJAMARCA / JAEN / SALLIQUE	CAJAMARCA	JAEN	SALLIQUE
060810	CAJAMARCA / JAEN / SAN FELIPE	CAJAMARCA	JAEN	SAN FELIPE
060811	CAJAMARCA / JAEN / SAN JOSE DEL ALTO	CAJAMARCA	JAEN	SAN JOSE DEL ALTO
060812	CAJAMARCA / JAEN / SANTA ROSA	CAJAMARCA	JAEN	SANTA ROSA
060901	CAJAMARCA / SAN IGNACIO / SAN IGNACIO	CAJAMARCA	SAN IGNACIO	SAN IGNACIO
060902	CAJAMARCA / SAN IGNACIO / CHIRINOS	CAJAMARCA	SAN IGNACIO	CHIRINOS
060903	CAJAMARCA / SAN IGNACIO / HUARANGO	CAJAMARCA	SAN IGNACIO	HUARANGO
060904	CAJAMARCA / SAN IGNACIO / LA COIPA	CAJAMARCA	SAN IGNACIO	LA COIPA
060905	CAJAMARCA / SAN IGNACIO / NAMBALLE	CAJAMARCA	SAN IGNACIO	NAMBALLE
060906	CAJAMARCA / SAN IGNACIO / SAN JOSE DE LOURDES	CAJAMARCA	SAN IGNACIO	SAN JOSE DE LOURDES
060907	CAJAMARCA / SAN IGNACIO / TABACONAS	CAJAMARCA	SAN IGNACIO	TABACONAS
061001	CAJAMARCA / SAN MARCOS / PEDRO GALVEZ	CAJAMARCA	SAN MARCOS	PEDRO GALVEZ
061002	CAJAMARCA / SAN MARCOS / CHANCAY	CAJAMARCA	SAN MARCOS	CHANCAY
061003	CAJAMARCA / SAN MARCOS / EDUARDO VILLANUEVA	CAJAMARCA	SAN MARCOS	EDUARDO VILLANUEVA
061004	CAJAMARCA / SAN MARCOS / GREGORIO PITA	CAJAMARCA	SAN MARCOS	GREGORIO PITA
061005	CAJAMARCA / SAN MARCOS / ICHOCAN	CAJAMARCA	SAN MARCOS	ICHOCAN
061006	CAJAMARCA / SAN MARCOS / JOSE MANUEL QUIROZ	CAJAMARCA	SAN MARCOS	JOSE MANUEL QUIROZ
061007	CAJAMARCA / SAN MARCOS / JOSE SABOGAL	CAJAMARCA	SAN MARCOS	JOSE SABOGAL
061101	CAJAMARCA / SAN MIGUEL / SAN MIGUEL	CAJAMARCA	SAN MIGUEL	SAN MIGUEL
061102	CAJAMARCA / SAN MIGUEL / BOLIVAR	CAJAMARCA	SAN MIGUEL	BOLIVAR
061103	CAJAMARCA / SAN MIGUEL / CALQUIS	CAJAMARCA	SAN MIGUEL	CALQUIS
061104	CAJAMARCA / SAN MIGUEL / CATILLUC	CAJAMARCA	SAN MIGUEL	CATILLUC
061105	CAJAMARCA / SAN MIGUEL / EL PRADO	CAJAMARCA	SAN MIGUEL	EL PRADO
061106	CAJAMARCA / SAN MIGUEL / LA FLORIDA	CAJAMARCA	SAN MIGUEL	LA FLORIDA
061107	CAJAMARCA / SAN MIGUEL / LLAPA	CAJAMARCA	SAN MIGUEL	LLAPA
061108	CAJAMARCA / SAN MIGUEL / NANCHOC	CAJAMARCA	SAN MIGUEL	NANCHOC
061109	CAJAMARCA / SAN MIGUEL / NIEPOS	CAJAMARCA	SAN MIGUEL	NIEPOS
061110	CAJAMARCA / SAN MIGUEL / SAN GREGORIO	CAJAMARCA	SAN MIGUEL	SAN GREGORIO
061111	CAJAMARCA / SAN MIGUEL / SAN SILVESTRE DE COCHAN	CAJAMARCA	SAN MIGUEL	SAN SILVESTRE DE COCHAN
061112	CAJAMARCA / SAN MIGUEL / TONGOD	CAJAMARCA	SAN MIGUEL	TONGOD
061113	CAJAMARCA / SAN MIGUEL / UNION AGUA BLANCA	CAJAMARCA	SAN MIGUEL	UNION AGUA BLANCA
061201	CAJAMARCA / SAN PABLO / SAN PABLO	CAJAMARCA	SAN PABLO	SAN PABLO
061202	CAJAMARCA / SAN PABLO / SAN BERNARDINO	CAJAMARCA	SAN PABLO	SAN BERNARDINO
061203	CAJAMARCA / SAN PABLO / SAN LUIS	CAJAMARCA	SAN PABLO	SAN LUIS
061204	CAJAMARCA / SAN PABLO / TUMBADEN	CAJAMARCA	SAN PABLO	TUMBADEN
061301	CAJAMARCA / SANTA CRUZ / SANTA CRUZ	CAJAMARCA	SANTA CRUZ	SANTA CRUZ
061302	CAJAMARCA / SANTA CRUZ / ANDABAMBA	CAJAMARCA	SANTA CRUZ	ANDABAMBA
061303	CAJAMARCA / SANTA CRUZ / CATACHE	CAJAMARCA	SANTA CRUZ	CATACHE
061304	CAJAMARCA / SANTA CRUZ / CHANCAYBAÑOS	CAJAMARCA	SANTA CRUZ	CHANCAYBAÑOS
061305	CAJAMARCA / SANTA CRUZ / LA ESPERANZA	CAJAMARCA	SANTA CRUZ	LA ESPERANZA
061306	CAJAMARCA / SANTA CRUZ / NINABAMBA	CAJAMARCA	SANTA CRUZ	NINABAMBA
061307	CAJAMARCA / SANTA CRUZ / PULAN	CAJAMARCA	SANTA CRUZ	PULAN
061308	CAJAMARCA / SANTA CRUZ / SAUCEPAMPA	CAJAMARCA	SANTA CRUZ	SAUCEPAMPA
061309	CAJAMARCA / SANTA CRUZ / SEXI	CAJAMARCA	SANTA CRUZ	SEXI
061310	CAJAMARCA / SANTA CRUZ / UTICYACU	CAJAMARCA	SANTA CRUZ	UTICYACU
061311	CAJAMARCA / SANTA CRUZ / YAUYUCAN	CAJAMARCA	SANTA CRUZ	YAUYUCAN
070101	CALLAO / CALLAO / CALLAO	CALLAO	CALLAO	CALLAO
070102	CALLAO / CALLAO / BELLAVISTA	CALLAO	CALLAO	BELLAVISTA
070103	CALLAO / CALLAO / CARMEN DE LA LEGUA REYNOSO	CALLAO	CALLAO	CARMEN DE LA LEGUA REYNOSO
070104	CALLAO / CALLAO / LA PERLA	CALLAO	CALLAO	LA PERLA
070105	CALLAO / CALLAO / LA PUNTA	CALLAO	CALLAO	LA PUNTA
070106	CALLAO / CALLAO / VENTANILLA	CALLAO	CALLAO	VENTANILLA
070107	CALLAO / CALLAO / MI PERU	CALLAO	CALLAO	MI PERU
080101	CUSCO / CUSCO / CUSCO	CUSCO	CUSCO	CUSCO
080102	CUSCO / CUSCO / CCORCA	CUSCO	CUSCO	CCORCA
080103	CUSCO / CUSCO / POROY	CUSCO	CUSCO	POROY
080104	CUSCO / CUSCO / SAN JERONIMO	CUSCO	CUSCO	SAN JERONIMO
080105	CUSCO / CUSCO / SAN SEBASTIAN	CUSCO	CUSCO	SAN SEBASTIAN
080106	CUSCO / CUSCO / SANTIAGO	CUSCO	CUSCO	SANTIAGO
080107	CUSCO / CUSCO / SAYLLA	CUSCO	CUSCO	SAYLLA
080108	CUSCO / CUSCO / WANCHAQ	CUSCO	CUSCO	WANCHAQ
080201	CUSCO / ACOMAYO / ACOMAYO	CUSCO	ACOMAYO	ACOMAYO
080202	CUSCO / ACOMAYO / ACOPIA	CUSCO	ACOMAYO	ACOPIA
080203	CUSCO / ACOMAYO / ACOS	CUSCO	ACOMAYO	ACOS
080204	CUSCO / ACOMAYO / MOSOC LLACTA	CUSCO	ACOMAYO	MOSOC LLACTA
080205	CUSCO / ACOMAYO / POMACANCHI	CUSCO	ACOMAYO	POMACANCHI
080206	CUSCO / ACOMAYO / RONDOCAN	CUSCO	ACOMAYO	RONDOCAN
080207	CUSCO / ACOMAYO / SANGARARA	CUSCO	ACOMAYO	SANGARARA
080301	CUSCO / ANTA / ANTA	CUSCO	ANTA	ANTA
080302	CUSCO / ANTA / ANCAHUASI	CUSCO	ANTA	ANCAHUASI
080303	CUSCO / ANTA / CACHIMAYO	CUSCO	ANTA	CACHIMAYO
080304	CUSCO / ANTA / CHINCHAYPUJIO	CUSCO	ANTA	CHINCHAYPUJIO
080305	CUSCO / ANTA / HUAROCONDO	CUSCO	ANTA	HUAROCONDO
080306	CUSCO / ANTA / LIMATAMBO	CUSCO	ANTA	LIMATAMBO
080307	CUSCO / ANTA / MOLLEPATA	CUSCO	ANTA	MOLLEPATA
080308	CUSCO / ANTA / PUCYURA	CUSCO	ANTA	PUCYURA
080309	CUSCO / ANTA / ZURITE	CUSCO	ANTA	ZURITE
080401	CUSCO / CALCA / CALCA	CUSCO	CALCA	CALCA
080402	CUSCO / CALCA / COYA	CUSCO	CALCA	COYA
080403	CUSCO / CALCA / LAMAY	CUSCO	CALCA	LAMAY
080404	CUSCO / CALCA / LARES	CUSCO	CALCA	LARES
080405	CUSCO / CALCA / PISAC	CUSCO	CALCA	PISAC
080406	CUSCO / CALCA / SAN SALVADOR	CUSCO	CALCA	SAN SALVADOR
080407	CUSCO / CALCA / TARAY	CUSCO	CALCA	TARAY
080408	CUSCO / CALCA / YANATILE	CUSCO	CALCA	YANATILE
080501	CUSCO / CANAS / YANAOCA	CUSCO	CANAS	YANAOCA
080502	CUSCO / CANAS / CHECCA	CUSCO	CANAS	CHECCA
080503	CUSCO / CANAS / KUNTURKANKI	CUSCO	CANAS	KUNTURKANKI
080504	CUSCO / CANAS / LANGUI	CUSCO	CANAS	LANGUI
080505	CUSCO / CANAS / LAYO	CUSCO	CANAS	LAYO
080506	CUSCO / CANAS / PAMPAMARCA	CUSCO	CANAS	PAMPAMARCA
080507	CUSCO / CANAS / QUEHUE	CUSCO	CANAS	QUEHUE
080508	CUSCO / CANAS / TUPAC AMARU	CUSCO	CANAS	TUPAC AMARU
080601	CUSCO / CANCHIS / SICUANI	CUSCO	CANCHIS	SICUANI
080602	CUSCO / CANCHIS / CHECACUPE	CUSCO	CANCHIS	CHECACUPE
080603	CUSCO / CANCHIS / COMBAPATA	CUSCO	CANCHIS	COMBAPATA
080604	CUSCO / CANCHIS / MARANGANI	CUSCO	CANCHIS	MARANGANI
080605	CUSCO / CANCHIS / PITUMARCA	CUSCO	CANCHIS	PITUMARCA
080606	CUSCO / CANCHIS / SAN PABLO	CUSCO	CANCHIS	SAN PABLO
080607	CUSCO / CANCHIS / SAN PEDRO	CUSCO	CANCHIS	SAN PEDRO
080608	CUSCO / CANCHIS / TINTA	CUSCO	CANCHIS	TINTA
080701	CUSCO / CHUMBIVILCAS / SANTO TOMAS	CUSCO	CHUMBIVILCAS	SANTO TOMAS
080702	CUSCO / CHUMBIVILCAS / CAPACMARCA	CUSCO	CHUMBIVILCAS	CAPACMARCA
080703	CUSCO / CHUMBIVILCAS / CHAMACA	CUSCO	CHUMBIVILCAS	CHAMACA
080704	CUSCO / CHUMBIVILCAS / COLQUEMARCA	CUSCO	CHUMBIVILCAS	COLQUEMARCA
080705	CUSCO / CHUMBIVILCAS / LIVITACA	CUSCO	CHUMBIVILCAS	LIVITACA
080706	CUSCO / CHUMBIVILCAS / LLUSCO	CUSCO	CHUMBIVILCAS	LLUSCO
080707	CUSCO / CHUMBIVILCAS / QUIÑOTA	CUSCO	CHUMBIVILCAS	QUIÑOTA
080708	CUSCO / CHUMBIVILCAS / VELILLE	CUSCO	CHUMBIVILCAS	VELILLE
080801	CUSCO / ESPINAR / ESPINAR	CUSCO	ESPINAR	ESPINAR
080802	CUSCO / ESPINAR / CONDOROMA	CUSCO	ESPINAR	CONDOROMA
080803	CUSCO / ESPINAR / COPORAQUE	CUSCO	ESPINAR	COPORAQUE
080804	CUSCO / ESPINAR / OCORURO	CUSCO	ESPINAR	OCORURO
080805	CUSCO / ESPINAR / PALLPATA	CUSCO	ESPINAR	PALLPATA
080806	CUSCO / ESPINAR / PICHIGUA	CUSCO	ESPINAR	PICHIGUA
080807	CUSCO / ESPINAR / SUYCKUTAMBO	CUSCO	ESPINAR	SUYCKUTAMBO
080808	CUSCO / ESPINAR / ALTO PICHIGUA	CUSCO	ESPINAR	ALTO PICHIGUA
080901	CUSCO / LA CONVENCION / SANTA ANA	CUSCO	LA CONVENCION	SANTA ANA
080902	CUSCO / LA CONVENCION / ECHARATE	CUSCO	LA CONVENCION	ECHARATE
080903	CUSCO / LA CONVENCION / HUAYOPATA	CUSCO	LA CONVENCION	HUAYOPATA
080904	CUSCO / LA CONVENCION / MARANURA	CUSCO	LA CONVENCION	MARANURA
080905	CUSCO / LA CONVENCION / OCOBAMBA	CUSCO	LA CONVENCION	OCOBAMBA
080906	CUSCO / LA CONVENCION / QUELLOUNO	CUSCO	LA CONVENCION	QUELLOUNO
080907	CUSCO / LA CONVENCION / QUIMBIRI	CUSCO	LA CONVENCION	QUIMBIRI
080908	CUSCO / LA CONVENCION / SANTA TERESA	CUSCO	LA CONVENCION	SANTA TERESA
080909	CUSCO / LA CONVENCION / VILCABAMBA	CUSCO	LA CONVENCION	VILCABAMBA
080910	CUSCO / LA CONVENCION / PICHARI	CUSCO	LA CONVENCION	PICHARI
080911	CUSCO / LA CONVENCION / INKAWASI	CUSCO	LA CONVENCION	INKAWASI
080912	CUSCO / LA CONVENCION / VILLA VIRGEN	CUSCO	LA CONVENCION	VILLA VIRGEN
080913	CUSCO / LA CONVENCION / VILLA KINTIARINA	CUSCO	LA CONVENCION	VILLA KINTIARINA
080914	CUSCO / LA CONVENCION / MEGANTONI	CUSCO	LA CONVENCION	MEGANTONI
080915	CUSCO / LA CONVENCION / KUMPIRUSHIATO	CUSCO	LA CONVENCION	KUMPIRUSHIATO
080916	CUSCO / LA CONVENCION / CIELO PUNCO	CUSCO	LA CONVENCION	CIELO PUNCO
080917	CUSCO / LA CONVENCION / MANITEA	CUSCO	LA CONVENCION	MANITEA
080918	CUSCO / LA CONVENCION / UNION ASHÁNINKA	CUSCO	LA CONVENCION	UNION ASHÁNINKA
081001	CUSCO / PARURO / PARURO	CUSCO	PARURO	PARURO
081002	CUSCO / PARURO / ACCHA	CUSCO	PARURO	ACCHA
081003	CUSCO / PARURO / CCAPI	CUSCO	PARURO	CCAPI
081004	CUSCO / PARURO / COLCHA	CUSCO	PARURO	COLCHA
081005	CUSCO / PARURO / HUANOQUITE	CUSCO	PARURO	HUANOQUITE
081006	CUSCO / PARURO / OMACHA	CUSCO	PARURO	OMACHA
081007	CUSCO / PARURO / PACCARITAMBO	CUSCO	PARURO	PACCARITAMBO
081008	CUSCO / PARURO / PILLPINTO	CUSCO	PARURO	PILLPINTO
081009	CUSCO / PARURO / YAURISQUE	CUSCO	PARURO	YAURISQUE
081101	CUSCO / PAUCARTAMBO / PAUCARTAMBO	CUSCO	PAUCARTAMBO	PAUCARTAMBO
081102	CUSCO / PAUCARTAMBO / CAICAY	CUSCO	PAUCARTAMBO	CAICAY
081103	CUSCO / PAUCARTAMBO / CHALLABAMBA	CUSCO	PAUCARTAMBO	CHALLABAMBA
081104	CUSCO / PAUCARTAMBO / COLQUEPATA	CUSCO	PAUCARTAMBO	COLQUEPATA
081105	CUSCO / PAUCARTAMBO / HUANCARANI	CUSCO	PAUCARTAMBO	HUANCARANI
081106	CUSCO / PAUCARTAMBO / KOSÑIPATA	CUSCO	PAUCARTAMBO	KOSÑIPATA
081201	CUSCO / QUISPICANCHI / URCOS	CUSCO	QUISPICANCHI	URCOS
081202	CUSCO / QUISPICANCHI / ANDAHUAYLILLAS	CUSCO	QUISPICANCHI	ANDAHUAYLILLAS
081203	CUSCO / QUISPICANCHI / CAMANTI	CUSCO	QUISPICANCHI	CAMANTI
081204	CUSCO / QUISPICANCHI / CCARHUAYO	CUSCO	QUISPICANCHI	CCARHUAYO
081205	CUSCO / QUISPICANCHI / CCATCA	CUSCO	QUISPICANCHI	CCATCA
081206	CUSCO / QUISPICANCHI / CUSIPATA	CUSCO	QUISPICANCHI	CUSIPATA
081207	CUSCO / QUISPICANCHI / HUARO	CUSCO	QUISPICANCHI	HUARO
081208	CUSCO / QUISPICANCHI / LUCRE	CUSCO	QUISPICANCHI	LUCRE
081209	CUSCO / QUISPICANCHI / MARCAPATA	CUSCO	QUISPICANCHI	MARCAPATA
081210	CUSCO / QUISPICANCHI / OCONGATE	CUSCO	QUISPICANCHI	OCONGATE
081211	CUSCO / QUISPICANCHI / OROPESA	CUSCO	QUISPICANCHI	OROPESA
081212	CUSCO / QUISPICANCHI / QUIQUIJANA	CUSCO	QUISPICANCHI	QUIQUIJANA
081301	CUSCO / URUBAMBA / URUBAMBA	CUSCO	URUBAMBA	URUBAMBA
081302	CUSCO / URUBAMBA / CHINCHERO	CUSCO	URUBAMBA	CHINCHERO
081303	CUSCO / URUBAMBA / HUAYLLABAMBA	CUSCO	URUBAMBA	HUAYLLABAMBA
081304	CUSCO / URUBAMBA / MACHUPICCHU	CUSCO	URUBAMBA	MACHUPICCHU
081305	CUSCO / URUBAMBA / MARAS	CUSCO	URUBAMBA	MARAS
081306	CUSCO / URUBAMBA / OLLANTAYTAMBO	CUSCO	URUBAMBA	OLLANTAYTAMBO
081307	CUSCO / URUBAMBA / YUCAY	CUSCO	URUBAMBA	YUCAY
090101	HUANCAVELICA / HUANCAVELICA / HUANCAVELICA	HUANCAVELICA	HUANCAVELICA	HUANCAVELICA
090102	HUANCAVELICA / HUANCAVELICA / ACOBAMBILLA	HUANCAVELICA	HUANCAVELICA	ACOBAMBILLA
090103	HUANCAVELICA / HUANCAVELICA / ACORIA	HUANCAVELICA	HUANCAVELICA	ACORIA
090104	HUANCAVELICA / HUANCAVELICA / CONAYCA	HUANCAVELICA	HUANCAVELICA	CONAYCA
090105	HUANCAVELICA / HUANCAVELICA / CUENCA	HUANCAVELICA	HUANCAVELICA	CUENCA
090106	HUANCAVELICA / HUANCAVELICA / HUACHOCOLPA	HUANCAVELICA	HUANCAVELICA	HUACHOCOLPA
090107	HUANCAVELICA / HUANCAVELICA / HUAYLLAHUARA	HUANCAVELICA	HUANCAVELICA	HUAYLLAHUARA
090108	HUANCAVELICA / HUANCAVELICA / IZCUCHACA	HUANCAVELICA	HUANCAVELICA	IZCUCHACA
090109	HUANCAVELICA / HUANCAVELICA / LARIA	HUANCAVELICA	HUANCAVELICA	LARIA
090110	HUANCAVELICA / HUANCAVELICA / MANTA	HUANCAVELICA	HUANCAVELICA	MANTA
090111	HUANCAVELICA / HUANCAVELICA / MARISCAL CACERES	HUANCAVELICA	HUANCAVELICA	MARISCAL CACERES
090112	HUANCAVELICA / HUANCAVELICA / MOYA	HUANCAVELICA	HUANCAVELICA	MOYA
090113	HUANCAVELICA / HUANCAVELICA / NUEVO OCCORO	HUANCAVELICA	HUANCAVELICA	NUEVO OCCORO
090114	HUANCAVELICA / HUANCAVELICA / PALCA	HUANCAVELICA	HUANCAVELICA	PALCA
090115	HUANCAVELICA / HUANCAVELICA / PILCHACA	HUANCAVELICA	HUANCAVELICA	PILCHACA
090116	HUANCAVELICA / HUANCAVELICA / VILCA	HUANCAVELICA	HUANCAVELICA	VILCA
090117	HUANCAVELICA / HUANCAVELICA / YAULI	HUANCAVELICA	HUANCAVELICA	YAULI
090118	HUANCAVELICA / HUANCAVELICA / ASCENSION	HUANCAVELICA	HUANCAVELICA	ASCENSION
090119	HUANCAVELICA / HUANCAVELICA / HUANDO	HUANCAVELICA	HUANCAVELICA	HUANDO
090201	HUANCAVELICA / ACOBAMBA / ACOBAMBA	HUANCAVELICA	ACOBAMBA	ACOBAMBA
090202	HUANCAVELICA / ACOBAMBA / ANDABAMBA	HUANCAVELICA	ACOBAMBA	ANDABAMBA
090203	HUANCAVELICA / ACOBAMBA / ANTA	HUANCAVELICA	ACOBAMBA	ANTA
090204	HUANCAVELICA / ACOBAMBA / CAJA	HUANCAVELICA	ACOBAMBA	CAJA
090205	HUANCAVELICA / ACOBAMBA / MARCAS	HUANCAVELICA	ACOBAMBA	MARCAS
090206	HUANCAVELICA / ACOBAMBA / PAUCARA	HUANCAVELICA	ACOBAMBA	PAUCARA
090207	HUANCAVELICA / ACOBAMBA / POMACOCHA	HUANCAVELICA	ACOBAMBA	POMACOCHA
090208	HUANCAVELICA / ACOBAMBA / ROSARIO	HUANCAVELICA	ACOBAMBA	ROSARIO
090301	HUANCAVELICA / ANGARAES / LIRCAY	HUANCAVELICA	ANGARAES	LIRCAY
090302	HUANCAVELICA / ANGARAES / ANCHONGA	HUANCAVELICA	ANGARAES	ANCHONGA
090303	HUANCAVELICA / ANGARAES / CALLANMARCA	HUANCAVELICA	ANGARAES	CALLANMARCA
090304	HUANCAVELICA / ANGARAES / CCOCHACCASA	HUANCAVELICA	ANGARAES	CCOCHACCASA
090305	HUANCAVELICA / ANGARAES / CHINCHO	HUANCAVELICA	ANGARAES	CHINCHO
090306	HUANCAVELICA / ANGARAES / CONGALLA	HUANCAVELICA	ANGARAES	CONGALLA
090307	HUANCAVELICA / ANGARAES / HUANCA-HUANCA	HUANCAVELICA	ANGARAES	HUANCA-HUANCA
090308	HUANCAVELICA / ANGARAES / HUAYLLAY GRANDE	HUANCAVELICA	ANGARAES	HUAYLLAY GRANDE
090309	HUANCAVELICA / ANGARAES / JULCAMARCA	HUANCAVELICA	ANGARAES	JULCAMARCA
090310	HUANCAVELICA / ANGARAES / SAN ANTONIO DE ANTAPARCO	HUANCAVELICA	ANGARAES	SAN ANTONIO DE ANTAPARCO
090311	HUANCAVELICA / ANGARAES / SANTO TOMAS DE PATA	HUANCAVELICA	ANGARAES	SANTO TOMAS DE PATA
090312	HUANCAVELICA / ANGARAES / SECCLLA	HUANCAVELICA	ANGARAES	SECCLLA
090401	HUANCAVELICA / CASTROVIRREYNA / CASTROVIRREYNA	HUANCAVELICA	CASTROVIRREYNA	CASTROVIRREYNA
090402	HUANCAVELICA / CASTROVIRREYNA / ARMA	HUANCAVELICA	CASTROVIRREYNA	ARMA
090403	HUANCAVELICA / CASTROVIRREYNA / AURAHUA	HUANCAVELICA	CASTROVIRREYNA	AURAHUA
090404	HUANCAVELICA / CASTROVIRREYNA / CAPILLAS	HUANCAVELICA	CASTROVIRREYNA	CAPILLAS
090405	HUANCAVELICA / CASTROVIRREYNA / CHUPAMARCA	HUANCAVELICA	CASTROVIRREYNA	CHUPAMARCA
090406	HUANCAVELICA / CASTROVIRREYNA / COCAS	HUANCAVELICA	CASTROVIRREYNA	COCAS
090407	HUANCAVELICA / CASTROVIRREYNA / HUACHOS	HUANCAVELICA	CASTROVIRREYNA	HUACHOS
090408	HUANCAVELICA / CASTROVIRREYNA / HUAMATAMBO	HUANCAVELICA	CASTROVIRREYNA	HUAMATAMBO
090409	HUANCAVELICA / CASTROVIRREYNA / MOLLEPAMPA	HUANCAVELICA	CASTROVIRREYNA	MOLLEPAMPA
090410	HUANCAVELICA / CASTROVIRREYNA / SAN JUAN	HUANCAVELICA	CASTROVIRREYNA	SAN JUAN
090411	HUANCAVELICA / CASTROVIRREYNA / SANTA ANA	HUANCAVELICA	CASTROVIRREYNA	SANTA ANA
090412	HUANCAVELICA / CASTROVIRREYNA / TANTARA	HUANCAVELICA	CASTROVIRREYNA	TANTARA
090413	HUANCAVELICA / CASTROVIRREYNA / TICRAPO	HUANCAVELICA	CASTROVIRREYNA	TICRAPO
090501	HUANCAVELICA / CHURCAMPA / CHURCAMPA	HUANCAVELICA	CHURCAMPA	CHURCAMPA
090502	HUANCAVELICA / CHURCAMPA / ANCO	HUANCAVELICA	CHURCAMPA	ANCO
090503	HUANCAVELICA / CHURCAMPA / CHINCHIHUASI	HUANCAVELICA	CHURCAMPA	CHINCHIHUASI
090504	HUANCAVELICA / CHURCAMPA / EL CARMEN	HUANCAVELICA	CHURCAMPA	EL CARMEN
090505	HUANCAVELICA / CHURCAMPA / LA MERCED	HUANCAVELICA	CHURCAMPA	LA MERCED
090506	HUANCAVELICA / CHURCAMPA / LOCROJA	HUANCAVELICA	CHURCAMPA	LOCROJA
090507	HUANCAVELICA / CHURCAMPA / PAUCARBAMBA	HUANCAVELICA	CHURCAMPA	PAUCARBAMBA
090508	HUANCAVELICA / CHURCAMPA / SAN MIGUEL DE MAYOCC	HUANCAVELICA	CHURCAMPA	SAN MIGUEL DE MAYOCC
090509	HUANCAVELICA / CHURCAMPA / SAN PEDRO DE CORIS	HUANCAVELICA	CHURCAMPA	SAN PEDRO DE CORIS
090510	HUANCAVELICA / CHURCAMPA / PACHAMARCA	HUANCAVELICA	CHURCAMPA	PACHAMARCA
090511	HUANCAVELICA / CHURCAMPA / COSME	HUANCAVELICA	CHURCAMPA	COSME
090601	HUANCAVELICA / HUAYTARA / HUAYTARA	HUANCAVELICA	HUAYTARA	HUAYTARA
090602	HUANCAVELICA / HUAYTARA / AYAVI	HUANCAVELICA	HUAYTARA	AYAVI
090603	HUANCAVELICA / HUAYTARA / CORDOVA	HUANCAVELICA	HUAYTARA	CORDOVA
090604	HUANCAVELICA / HUAYTARA / HUAYACUNDO ARMA	HUANCAVELICA	HUAYTARA	HUAYACUNDO ARMA
090605	HUANCAVELICA / HUAYTARA / LARAMARCA	HUANCAVELICA	HUAYTARA	LARAMARCA
090606	HUANCAVELICA / HUAYTARA / OCOYO	HUANCAVELICA	HUAYTARA	OCOYO
090607	HUANCAVELICA / HUAYTARA / PILPICHACA	HUANCAVELICA	HUAYTARA	PILPICHACA
090608	HUANCAVELICA / HUAYTARA / QUERCO	HUANCAVELICA	HUAYTARA	QUERCO
090609	HUANCAVELICA / HUAYTARA / QUITO-ARMA	HUANCAVELICA	HUAYTARA	QUITO-ARMA
090610	HUANCAVELICA / HUAYTARA / SAN ANTONIO DE CUSICANCHA	HUANCAVELICA	HUAYTARA	SAN ANTONIO DE CUSICANCHA
090611	HUANCAVELICA / HUAYTARA / SAN FRANCISCO DE SANGAYAICO	HUANCAVELICA	HUAYTARA	SAN FRANCISCO DE SANGAYAICO
090612	HUANCAVELICA / HUAYTARA / SAN ISIDRO	HUANCAVELICA	HUAYTARA	SAN ISIDRO
090613	HUANCAVELICA / HUAYTARA / SANTIAGO DE CHOCORVOS	HUANCAVELICA	HUAYTARA	SANTIAGO DE CHOCORVOS
090614	HUANCAVELICA / HUAYTARA / SANTIAGO DE QUIRAHUARA	HUANCAVELICA	HUAYTARA	SANTIAGO DE QUIRAHUARA
090615	HUANCAVELICA / HUAYTARA / SANTO DOMINGO DE CAPILLAS	HUANCAVELICA	HUAYTARA	SANTO DOMINGO DE CAPILLAS
090616	HUANCAVELICA / HUAYTARA / TAMBO	HUANCAVELICA	HUAYTARA	TAMBO
090701	HUANCAVELICA / TAYACAJA / PAMPAS	HUANCAVELICA	TAYACAJA	PAMPAS
090702	HUANCAVELICA / TAYACAJA / ACOSTAMBO	HUANCAVELICA	TAYACAJA	ACOSTAMBO
090703	HUANCAVELICA / TAYACAJA / ACRAQUIA	HUANCAVELICA	TAYACAJA	ACRAQUIA
090704	HUANCAVELICA / TAYACAJA / AHUAYCHA	HUANCAVELICA	TAYACAJA	AHUAYCHA
090705	HUANCAVELICA / TAYACAJA / COLCABAMBA	HUANCAVELICA	TAYACAJA	COLCABAMBA
090706	HUANCAVELICA / TAYACAJA / DANIEL HERNANDEZ	HUANCAVELICA	TAYACAJA	DANIEL HERNANDEZ
090707	HUANCAVELICA / TAYACAJA / HUACHOCOLPA	HUANCAVELICA	TAYACAJA	HUACHOCOLPA
090709	HUANCAVELICA / TAYACAJA / HUARIBAMBA	HUANCAVELICA	TAYACAJA	HUARIBAMBA
090710	HUANCAVELICA / TAYACAJA / ÑAHUIMPUQUIO	HUANCAVELICA	TAYACAJA	ÑAHUIMPUQUIO
090711	HUANCAVELICA / TAYACAJA / PAZOS	HUANCAVELICA	TAYACAJA	PAZOS
090713	HUANCAVELICA / TAYACAJA / QUISHUAR	HUANCAVELICA	TAYACAJA	QUISHUAR
090714	HUANCAVELICA / TAYACAJA / SALCABAMBA	HUANCAVELICA	TAYACAJA	SALCABAMBA
090715	HUANCAVELICA / TAYACAJA / SALCAHUASI	HUANCAVELICA	TAYACAJA	SALCAHUASI
090716	HUANCAVELICA / TAYACAJA / SAN MARCOS DE ROCCHAC	HUANCAVELICA	TAYACAJA	SAN MARCOS DE ROCCHAC
090717	HUANCAVELICA / TAYACAJA / SURCUBAMBA	HUANCAVELICA	TAYACAJA	SURCUBAMBA
090718	HUANCAVELICA / TAYACAJA / TINTAY PUNCU	HUANCAVELICA	TAYACAJA	TINTAY PUNCU
090719	HUANCAVELICA / TAYACAJA / QUICHUAS	HUANCAVELICA	TAYACAJA	QUICHUAS
090720	HUANCAVELICA / TAYACAJA / ANDAYMARCA	HUANCAVELICA	TAYACAJA	ANDAYMARCA
090721	HUANCAVELICA / TAYACAJA / ROBLE	HUANCAVELICA	TAYACAJA	ROBLE
090722	HUANCAVELICA / TAYACAJA / PICHOS	HUANCAVELICA	TAYACAJA	PICHOS
090723	HUANCAVELICA / TAYACAJA / SANTIAGO DE TUCUMA	HUANCAVELICA	TAYACAJA	SANTIAGO DE TUCUMA
090724	HUANCAVELICA / TAYACAJA / LAMBRAS	HUANCAVELICA	TAYACAJA	LAMBRAS
090725	HUANCAVELICA / TAYACAJA / COCHABAMBA	HUANCAVELICA	TAYACAJA	COCHABAMBA
100101	HUANUCO / HUANUCO / HUANUCO	HUANUCO	HUANUCO	HUANUCO
100102	HUANUCO / HUANUCO / AMARILIS	HUANUCO	HUANUCO	AMARILIS
100103	HUANUCO / HUANUCO / CHINCHAO	HUANUCO	HUANUCO	CHINCHAO
100104	HUANUCO / HUANUCO / CHURUBAMBA	HUANUCO	HUANUCO	CHURUBAMBA
100105	HUANUCO / HUANUCO / MARGOS	HUANUCO	HUANUCO	MARGOS
100106	HUANUCO / HUANUCO / QUISQUI	HUANUCO	HUANUCO	QUISQUI
100107	HUANUCO / HUANUCO / SAN FRANCISCO DE CAYRAN	HUANUCO	HUANUCO	SAN FRANCISCO DE CAYRAN
100108	HUANUCO / HUANUCO / SAN PEDRO DE CHAULAN	HUANUCO	HUANUCO	SAN PEDRO DE CHAULAN
100109	HUANUCO / HUANUCO / SANTA MARIA DEL VALLE	HUANUCO	HUANUCO	SANTA MARIA DEL VALLE
100110	HUANUCO / HUANUCO / YARUMAYO	HUANUCO	HUANUCO	YARUMAYO
100111	HUANUCO / HUANUCO / PILLCO MARCA	HUANUCO	HUANUCO	PILLCO MARCA
100112	HUANUCO / HUANUCO / YACUS	HUANUCO	HUANUCO	YACUS
100113	HUANUCO / HUANUCO / SAN PABLO DE PILLAO	HUANUCO	HUANUCO	SAN PABLO DE PILLAO
100201	HUANUCO / AMBO / AMBO	HUANUCO	AMBO	AMBO
100202	HUANUCO / AMBO / CAYNA	HUANUCO	AMBO	CAYNA
100203	HUANUCO / AMBO / COLPAS	HUANUCO	AMBO	COLPAS
100204	HUANUCO / AMBO / CONCHAMARCA	HUANUCO	AMBO	CONCHAMARCA
100205	HUANUCO / AMBO / HUACAR	HUANUCO	AMBO	HUACAR
100206	HUANUCO / AMBO / SAN FRANCISCO	HUANUCO	AMBO	SAN FRANCISCO
100207	HUANUCO / AMBO / SAN RAFAEL	HUANUCO	AMBO	SAN RAFAEL
100208	HUANUCO / AMBO / TOMAY KICHWA	HUANUCO	AMBO	TOMAY KICHWA
100301	HUANUCO / DOS DE MAYO / LA UNION	HUANUCO	DOS DE MAYO	LA UNION
100307	HUANUCO / DOS DE MAYO / CHUQUIS	HUANUCO	DOS DE MAYO	CHUQUIS
100311	HUANUCO / DOS DE MAYO / MARIAS	HUANUCO	DOS DE MAYO	MARIAS
100313	HUANUCO / DOS DE MAYO / PACHAS	HUANUCO	DOS DE MAYO	PACHAS
100316	HUANUCO / DOS DE MAYO / QUIVILLA	HUANUCO	DOS DE MAYO	QUIVILLA
100317	HUANUCO / DOS DE MAYO / RIPAN	HUANUCO	DOS DE MAYO	RIPAN
100321	HUANUCO / DOS DE MAYO / SHUNQUI	HUANUCO	DOS DE MAYO	SHUNQUI
100322	HUANUCO / DOS DE MAYO / SILLAPATA	HUANUCO	DOS DE MAYO	SILLAPATA
100323	HUANUCO / DOS DE MAYO / YANAS	HUANUCO	DOS DE MAYO	YANAS
100401	HUANUCO / HUACAYBAMBA / HUACAYBAMBA	HUANUCO	HUACAYBAMBA	HUACAYBAMBA
100402	HUANUCO / HUACAYBAMBA / CANCHABAMBA	HUANUCO	HUACAYBAMBA	CANCHABAMBA
100403	HUANUCO / HUACAYBAMBA / COCHABAMBA	HUANUCO	HUACAYBAMBA	COCHABAMBA
100404	HUANUCO / HUACAYBAMBA / PINRA	HUANUCO	HUACAYBAMBA	PINRA
100501	HUANUCO / HUAMALIES / LLATA	HUANUCO	HUAMALIES	LLATA
100502	HUANUCO / HUAMALIES / ARANCAY	HUANUCO	HUAMALIES	ARANCAY
100503	HUANUCO / HUAMALIES / CHAVIN DE PARIARCA	HUANUCO	HUAMALIES	CHAVIN DE PARIARCA
100504	HUANUCO / HUAMALIES / JACAS GRANDE	HUANUCO	HUAMALIES	JACAS GRANDE
100505	HUANUCO / HUAMALIES / JIRCAN	HUANUCO	HUAMALIES	JIRCAN
100506	HUANUCO / HUAMALIES / MIRAFLORES	HUANUCO	HUAMALIES	MIRAFLORES
100507	HUANUCO / HUAMALIES / MONZON	HUANUCO	HUAMALIES	MONZON
100508	HUANUCO / HUAMALIES / PUNCHAO	HUANUCO	HUAMALIES	PUNCHAO
100509	HUANUCO / HUAMALIES / PUÑOS	HUANUCO	HUAMALIES	PUÑOS
100510	HUANUCO / HUAMALIES / SINGA	HUANUCO	HUAMALIES	SINGA
100511	HUANUCO / HUAMALIES / TANTAMAYO	HUANUCO	HUAMALIES	TANTAMAYO
100601	HUANUCO / LEONCIO PRADO / RUPA-RUPA	HUANUCO	LEONCIO PRADO	RUPA-RUPA
100602	HUANUCO / LEONCIO PRADO / DANIEL ALOMIAS ROBLES	HUANUCO	LEONCIO PRADO	DANIEL ALOMIAS ROBLES
100603	HUANUCO / LEONCIO PRADO / HERMILIO VALDIZAN	HUANUCO	LEONCIO PRADO	HERMILIO VALDIZAN
100604	HUANUCO / LEONCIO PRADO / JOSE CRESPO Y CASTILLO	HUANUCO	LEONCIO PRADO	JOSE CRESPO Y CASTILLO
100605	HUANUCO / LEONCIO PRADO / LUYANDO	HUANUCO	LEONCIO PRADO	LUYANDO
100606	HUANUCO / LEONCIO PRADO / MARIANO DAMASO BERAUN	HUANUCO	LEONCIO PRADO	MARIANO DAMASO BERAUN
100607	HUANUCO / LEONCIO PRADO / PUCAYACU	HUANUCO	LEONCIO PRADO	PUCAYACU
100608	HUANUCO / LEONCIO PRADO / CASTILLO GRANDE	HUANUCO	LEONCIO PRADO	CASTILLO GRANDE
100609	HUANUCO / LEONCIO PRADO / PUEBLO NUEVO	HUANUCO	LEONCIO PRADO	PUEBLO NUEVO
100610	HUANUCO / LEONCIO PRADO / SANTO DOMINGO DE ANDA	HUANUCO	LEONCIO PRADO	SANTO DOMINGO DE ANDA
100701	HUANUCO / MARAÑON / HUACRACHUCO	HUANUCO	MARAÑON	HUACRACHUCO
100702	HUANUCO / MARAÑON / CHOLON	HUANUCO	MARAÑON	CHOLON
100703	HUANUCO / MARAÑON / SAN BUENAVENTURA	HUANUCO	MARAÑON	SAN BUENAVENTURA
100704	HUANUCO / MARAÑON / LA MORADA	HUANUCO	MARAÑON	LA MORADA
100705	HUANUCO / MARAÑON / SANTA ROSA DE ALTO YANAJANCA	HUANUCO	MARAÑON	SANTA ROSA DE ALTO YANAJANCA
100801	HUANUCO / PACHITEA / PANAO	HUANUCO	PACHITEA	PANAO
100802	HUANUCO / PACHITEA / CHAGLLA	HUANUCO	PACHITEA	CHAGLLA
100803	HUANUCO / PACHITEA / MOLINO	HUANUCO	PACHITEA	MOLINO
100804	HUANUCO / PACHITEA / UMARI	HUANUCO	PACHITEA	UMARI
100901	HUANUCO / PUERTO INCA / PUERTO INCA	HUANUCO	PUERTO INCA	PUERTO INCA
100902	HUANUCO / PUERTO INCA / CODO DEL POZUZO	HUANUCO	PUERTO INCA	CODO DEL POZUZO
100903	HUANUCO / PUERTO INCA / HONORIA	HUANUCO	PUERTO INCA	HONORIA
100904	HUANUCO / PUERTO INCA / TOURNAVISTA	HUANUCO	PUERTO INCA	TOURNAVISTA
100905	HUANUCO / PUERTO INCA / YUYAPICHIS	HUANUCO	PUERTO INCA	YUYAPICHIS
101001	HUANUCO / LAURICOCHA / JESUS	HUANUCO	LAURICOCHA	JESUS
101002	HUANUCO / LAURICOCHA / BAÑOS	HUANUCO	LAURICOCHA	BAÑOS
101003	HUANUCO / LAURICOCHA / JIVIA	HUANUCO	LAURICOCHA	JIVIA
101004	HUANUCO / LAURICOCHA / QUEROPALCA	HUANUCO	LAURICOCHA	QUEROPALCA
101005	HUANUCO / LAURICOCHA / RONDOS	HUANUCO	LAURICOCHA	RONDOS
101006	HUANUCO / LAURICOCHA / SAN FRANCISCO DE ASIS	HUANUCO	LAURICOCHA	SAN FRANCISCO DE ASIS
101007	HUANUCO / LAURICOCHA / SAN MIGUEL DE CAURI	HUANUCO	LAURICOCHA	SAN MIGUEL DE CAURI
101101	HUANUCO / YAROWILCA / CHAVINILLO	HUANUCO	YAROWILCA	CHAVINILLO
101102	HUANUCO / YAROWILCA / CAHUAC	HUANUCO	YAROWILCA	CAHUAC
101103	HUANUCO / YAROWILCA / CHACABAMBA	HUANUCO	YAROWILCA	CHACABAMBA
101104	HUANUCO / YAROWILCA / APARICIO POMARES	HUANUCO	YAROWILCA	APARICIO POMARES
101105	HUANUCO / YAROWILCA / JACAS CHICO	HUANUCO	YAROWILCA	JACAS CHICO
101106	HUANUCO / YAROWILCA / OBAS	HUANUCO	YAROWILCA	OBAS
101107	HUANUCO / YAROWILCA / PAMPAMARCA	HUANUCO	YAROWILCA	PAMPAMARCA
101108	HUANUCO / YAROWILCA / CHORAS	HUANUCO	YAROWILCA	CHORAS
110101	ICA / ICA / ICA	ICA	ICA	ICA
110102	ICA / ICA / LA TINGUIÑA	ICA	ICA	LA TINGUIÑA
110103	ICA / ICA / LOS AQUIJES	ICA	ICA	LOS AQUIJES
110104	ICA / ICA / OCUCAJE	ICA	ICA	OCUCAJE
110105	ICA / ICA / PACHACUTEC	ICA	ICA	PACHACUTEC
110106	ICA / ICA / PARCONA	ICA	ICA	PARCONA
110107	ICA / ICA / PUEBLO NUEVO	ICA	ICA	PUEBLO NUEVO
110108	ICA / ICA / SALAS	ICA	ICA	SALAS
110109	ICA / ICA / SAN JOSE DE LOS MOLINOS	ICA	ICA	SAN JOSE DE LOS MOLINOS
110110	ICA / ICA / SAN JUAN BAUTISTA	ICA	ICA	SAN JUAN BAUTISTA
110111	ICA / ICA / SANTIAGO	ICA	ICA	SANTIAGO
110112	ICA / ICA / SUBTANJALLA	ICA	ICA	SUBTANJALLA
110113	ICA / ICA / TATE	ICA	ICA	TATE
110114	ICA / ICA / YAUCA DEL ROSARIO	ICA	ICA	YAUCA DEL ROSARIO
110201	ICA / CHINCHA / CHINCHA ALTA	ICA	CHINCHA	CHINCHA ALTA
110202	ICA / CHINCHA / ALTO LARAN	ICA	CHINCHA	ALTO LARAN
110203	ICA / CHINCHA / CHAVIN	ICA	CHINCHA	CHAVIN
110204	ICA / CHINCHA / CHINCHA BAJA	ICA	CHINCHA	CHINCHA BAJA
110205	ICA / CHINCHA / EL CARMEN	ICA	CHINCHA	EL CARMEN
110206	ICA / CHINCHA / GROCIO PRADO	ICA	CHINCHA	GROCIO PRADO
110207	ICA / CHINCHA / PUEBLO NUEVO	ICA	CHINCHA	PUEBLO NUEVO
110208	ICA / CHINCHA / SAN JUAN DE YANAC	ICA	CHINCHA	SAN JUAN DE YANAC
110209	ICA / CHINCHA / SAN PEDRO DE HUACARPANA	ICA	CHINCHA	SAN PEDRO DE HUACARPANA
110210	ICA / CHINCHA / SUNAMPE	ICA	CHINCHA	SUNAMPE
110211	ICA / CHINCHA / TAMBO DE MORA	ICA	CHINCHA	TAMBO DE MORA
110301	ICA / NAZCA / NAZCA	ICA	NAZCA	NAZCA
110302	ICA / NAZCA / CHANGUILLO	ICA	NAZCA	CHANGUILLO
110303	ICA / NAZCA / EL INGENIO	ICA	NAZCA	EL INGENIO
110304	ICA / NAZCA / MARCONA	ICA	NAZCA	MARCONA
110305	ICA / NAZCA / VISTA ALEGRE	ICA	NAZCA	VISTA ALEGRE
110401	ICA / PALPA / PALPA	ICA	PALPA	PALPA
110402	ICA / PALPA / LLIPATA	ICA	PALPA	LLIPATA
110403	ICA / PALPA / RIO GRANDE	ICA	PALPA	RIO GRANDE
110404	ICA / PALPA / SANTA CRUZ	ICA	PALPA	SANTA CRUZ
110405	ICA / PALPA / TIBILLO	ICA	PALPA	TIBILLO
110501	ICA / PISCO / PISCO	ICA	PISCO	PISCO
110502	ICA / PISCO / HUANCANO	ICA	PISCO	HUANCANO
110503	ICA / PISCO / HUMAY	ICA	PISCO	HUMAY
110504	ICA / PISCO / INDEPENDENCIA	ICA	PISCO	INDEPENDENCIA
110505	ICA / PISCO / PARACAS	ICA	PISCO	PARACAS
110506	ICA / PISCO / SAN ANDRES	ICA	PISCO	SAN ANDRES
110507	ICA / PISCO / SAN CLEMENTE	ICA	PISCO	SAN CLEMENTE
110508	ICA / PISCO / TUPAC AMARU INCA	ICA	PISCO	TUPAC AMARU INCA
120101	JUNIN / HUANCAYO / HUANCAYO	JUNIN	HUANCAYO	HUANCAYO
120104	JUNIN / HUANCAYO / CARHUACALLANGA	JUNIN	HUANCAYO	CARHUACALLANGA
120105	JUNIN / HUANCAYO / CHACAPAMPA	JUNIN	HUANCAYO	CHACAPAMPA
120106	JUNIN / HUANCAYO / CHICCHE	JUNIN	HUANCAYO	CHICCHE
120107	JUNIN / HUANCAYO / CHILCA	JUNIN	HUANCAYO	CHILCA
120108	JUNIN / HUANCAYO / CHONGOS ALTO	JUNIN	HUANCAYO	CHONGOS ALTO
120111	JUNIN / HUANCAYO / CHUPURO	JUNIN	HUANCAYO	CHUPURO
120112	JUNIN / HUANCAYO / COLCA	JUNIN	HUANCAYO	COLCA
120113	JUNIN / HUANCAYO / CULLHUAS	JUNIN	HUANCAYO	CULLHUAS
120114	JUNIN / HUANCAYO / EL TAMBO	JUNIN	HUANCAYO	EL TAMBO
120116	JUNIN / HUANCAYO / HUACRAPUQUIO	JUNIN	HUANCAYO	HUACRAPUQUIO
120117	JUNIN / HUANCAYO / HUALHUAS	JUNIN	HUANCAYO	HUALHUAS
120119	JUNIN / HUANCAYO / HUANCAN	JUNIN	HUANCAYO	HUANCAN
120120	JUNIN / HUANCAYO / HUASICANCHA	JUNIN	HUANCAYO	HUASICANCHA
120121	JUNIN / HUANCAYO / HUAYUCACHI	JUNIN	HUANCAYO	HUAYUCACHI
120122	JUNIN / HUANCAYO / INGENIO	JUNIN	HUANCAYO	INGENIO
120124	JUNIN / HUANCAYO / PARIAHUANCA	JUNIN	HUANCAYO	PARIAHUANCA
120125	JUNIN / HUANCAYO / PILCOMAYO	JUNIN	HUANCAYO	PILCOMAYO
120126	JUNIN / HUANCAYO / PUCARA	JUNIN	HUANCAYO	PUCARA
120127	JUNIN / HUANCAYO / QUICHUAY	JUNIN	HUANCAYO	QUICHUAY
120128	JUNIN / HUANCAYO / QUILCAS	JUNIN	HUANCAYO	QUILCAS
120129	JUNIN / HUANCAYO / SAN AGUSTIN	JUNIN	HUANCAYO	SAN AGUSTIN
120130	JUNIN / HUANCAYO / SAN JERONIMO DE TUNAN	JUNIN	HUANCAYO	SAN JERONIMO DE TUNAN
120132	JUNIN / HUANCAYO / SAÑO	JUNIN	HUANCAYO	SAÑO
120133	JUNIN / HUANCAYO / SAPALLANGA	JUNIN	HUANCAYO	SAPALLANGA
120134	JUNIN / HUANCAYO / SICAYA	JUNIN	HUANCAYO	SICAYA
120135	JUNIN / HUANCAYO / SANTO DOMINGO DE ACOBAMBA	JUNIN	HUANCAYO	SANTO DOMINGO DE ACOBAMBA
120136	JUNIN / HUANCAYO / VIQUES	JUNIN	HUANCAYO	VIQUES
120201	JUNIN / CONCEPCION / CONCEPCION	JUNIN	CONCEPCION	CONCEPCION
120202	JUNIN / CONCEPCION / ACO	JUNIN	CONCEPCION	ACO
120203	JUNIN / CONCEPCION / ANDAMARCA	JUNIN	CONCEPCION	ANDAMARCA
120204	JUNIN / CONCEPCION / CHAMBARA	JUNIN	CONCEPCION	CHAMBARA
120205	JUNIN / CONCEPCION / COCHAS	JUNIN	CONCEPCION	COCHAS
120206	JUNIN / CONCEPCION / COMAS	JUNIN	CONCEPCION	COMAS
120207	JUNIN / CONCEPCION / HEROINAS TOLEDO	JUNIN	CONCEPCION	HEROINAS TOLEDO
120208	JUNIN / CONCEPCION / MANZANARES	JUNIN	CONCEPCION	MANZANARES
120209	JUNIN / CONCEPCION / MARISCAL CASTILLA	JUNIN	CONCEPCION	MARISCAL CASTILLA
120210	JUNIN / CONCEPCION / MATAHUASI	JUNIN	CONCEPCION	MATAHUASI
120211	JUNIN / CONCEPCION / MITO	JUNIN	CONCEPCION	MITO
120212	JUNIN / CONCEPCION / NUEVE DE JULIO	JUNIN	CONCEPCION	NUEVE DE JULIO
120213	JUNIN / CONCEPCION / ORCOTUNA	JUNIN	CONCEPCION	ORCOTUNA
120214	JUNIN / CONCEPCION / SAN JOSE DE QUERO	JUNIN	CONCEPCION	SAN JOSE DE QUERO
120215	JUNIN / CONCEPCION / SANTA ROSA DE OCOPA	JUNIN	CONCEPCION	SANTA ROSA DE OCOPA
120301	JUNIN / CHANCHAMAYO / CHANCHAMAYO	JUNIN	CHANCHAMAYO	CHANCHAMAYO
120302	JUNIN / CHANCHAMAYO / PERENE	JUNIN	CHANCHAMAYO	PERENE
120303	JUNIN / CHANCHAMAYO / PICHANAQUI	JUNIN	CHANCHAMAYO	PICHANAQUI
120304	JUNIN / CHANCHAMAYO / SAN LUIS DE SHUARO	JUNIN	CHANCHAMAYO	SAN LUIS DE SHUARO
120305	JUNIN / CHANCHAMAYO / SAN RAMON	JUNIN	CHANCHAMAYO	SAN RAMON
120306	JUNIN / CHANCHAMAYO / VITOC	JUNIN	CHANCHAMAYO	VITOC
120401	JUNIN / JAUJA / JAUJA	JUNIN	JAUJA	JAUJA
120402	JUNIN / JAUJA / ACOLLA	JUNIN	JAUJA	ACOLLA
120403	JUNIN / JAUJA / APATA	JUNIN	JAUJA	APATA
120404	JUNIN / JAUJA / ATAURA	JUNIN	JAUJA	ATAURA
120405	JUNIN / JAUJA / CANCHAYLLO	JUNIN	JAUJA	CANCHAYLLO
120406	JUNIN / JAUJA / CURICACA	JUNIN	JAUJA	CURICACA
120407	JUNIN / JAUJA / EL MANTARO	JUNIN	JAUJA	EL MANTARO
120408	JUNIN / JAUJA / HUAMALI	JUNIN	JAUJA	HUAMALI
120409	JUNIN / JAUJA / HUARIPAMPA	JUNIN	JAUJA	HUARIPAMPA
120410	JUNIN / JAUJA / HUERTAS	JUNIN	JAUJA	HUERTAS
120411	JUNIN / JAUJA / JANJAILLO	JUNIN	JAUJA	JANJAILLO
120412	JUNIN / JAUJA / JULCAN	JUNIN	JAUJA	JULCAN
120413	JUNIN / JAUJA / LEONOR ORDOÑEZ	JUNIN	JAUJA	LEONOR ORDOÑEZ
120414	JUNIN / JAUJA / LLOCLLAPAMPA	JUNIN	JAUJA	LLOCLLAPAMPA
120415	JUNIN / JAUJA / MARCO	JUNIN	JAUJA	MARCO
120416	JUNIN / JAUJA / MASMA	JUNIN	JAUJA	MASMA
120417	JUNIN / JAUJA / MASMA CHICCHE	JUNIN	JAUJA	MASMA CHICCHE
120418	JUNIN / JAUJA / MOLINOS	JUNIN	JAUJA	MOLINOS
120419	JUNIN / JAUJA / MONOBAMBA	JUNIN	JAUJA	MONOBAMBA
120420	JUNIN / JAUJA / MUQUI	JUNIN	JAUJA	MUQUI
120421	JUNIN / JAUJA / MUQUIYAUYO	JUNIN	JAUJA	MUQUIYAUYO
120422	JUNIN / JAUJA / PACA	JUNIN	JAUJA	PACA
120423	JUNIN / JAUJA / PACCHA	JUNIN	JAUJA	PACCHA
120424	JUNIN / JAUJA / PANCAN	JUNIN	JAUJA	PANCAN
120425	JUNIN / JAUJA / PARCO	JUNIN	JAUJA	PARCO
120426	JUNIN / JAUJA / POMACANCHA	JUNIN	JAUJA	POMACANCHA
120427	JUNIN / JAUJA / RICRAN	JUNIN	JAUJA	RICRAN
120428	JUNIN / JAUJA / SAN LORENZO	JUNIN	JAUJA	SAN LORENZO
120429	JUNIN / JAUJA / SAN PEDRO DE CHUNAN	JUNIN	JAUJA	SAN PEDRO DE CHUNAN
120430	JUNIN / JAUJA / SAUSA	JUNIN	JAUJA	SAUSA
120431	JUNIN / JAUJA / SINCOS	JUNIN	JAUJA	SINCOS
120432	JUNIN / JAUJA / TUNAN MARCA	JUNIN	JAUJA	TUNAN MARCA
120433	JUNIN / JAUJA / YAULI	JUNIN	JAUJA	YAULI
120434	JUNIN / JAUJA / YAUYOS	JUNIN	JAUJA	YAUYOS
120501	JUNIN / JUNIN / JUNIN	JUNIN	JUNIN	JUNIN
120502	JUNIN / JUNIN / CARHUAMAYO	JUNIN	JUNIN	CARHUAMAYO
120503	JUNIN / JUNIN / ONDORES	JUNIN	JUNIN	ONDORES
120504	JUNIN / JUNIN / ULCUMAYO	JUNIN	JUNIN	ULCUMAYO
120601	JUNIN / SATIPO / SATIPO	JUNIN	SATIPO	SATIPO
120602	JUNIN / SATIPO / COVIRIALI	JUNIN	SATIPO	COVIRIALI
120603	JUNIN / SATIPO / LLAYLLA	JUNIN	SATIPO	LLAYLLA
120604	JUNIN / SATIPO / MAZAMARI	JUNIN	SATIPO	MAZAMARI
120605	JUNIN / SATIPO / PAMPA HERMOSA	JUNIN	SATIPO	PAMPA HERMOSA
120606	JUNIN / SATIPO / PANGOA	JUNIN	SATIPO	PANGOA
120607	JUNIN / SATIPO / RIO NEGRO	JUNIN	SATIPO	RIO NEGRO
120608	JUNIN / SATIPO / RIO TAMBO	JUNIN	SATIPO	RIO TAMBO
120609	JUNIN / SATIPO / VIZCATAN DEL ENE	JUNIN	SATIPO	VIZCATAN DEL ENE
120701	JUNIN / TARMA / TARMA	JUNIN	TARMA	TARMA
120702	JUNIN / TARMA / ACOBAMBA	JUNIN	TARMA	ACOBAMBA
120703	JUNIN / TARMA / HUARICOLCA	JUNIN	TARMA	HUARICOLCA
120704	JUNIN / TARMA / HUASAHUASI	JUNIN	TARMA	HUASAHUASI
120705	JUNIN / TARMA / LA UNION	JUNIN	TARMA	LA UNION
120706	JUNIN / TARMA / PALCA	JUNIN	TARMA	PALCA
120707	JUNIN / TARMA / PALCAMAYO	JUNIN	TARMA	PALCAMAYO
120708	JUNIN / TARMA / SAN PEDRO DE CAJAS	JUNIN	TARMA	SAN PEDRO DE CAJAS
120709	JUNIN / TARMA / TAPO	JUNIN	TARMA	TAPO
120801	JUNIN / YAULI / LA OROYA	JUNIN	YAULI	LA OROYA
120802	JUNIN / YAULI / CHACAPALPA	JUNIN	YAULI	CHACAPALPA
120803	JUNIN / YAULI / HUAY-HUAY	JUNIN	YAULI	HUAY-HUAY
120804	JUNIN / YAULI / MARCAPOMACOCHA	JUNIN	YAULI	MARCAPOMACOCHA
120805	JUNIN / YAULI / MOROCOCHA	JUNIN	YAULI	MOROCOCHA
120806	JUNIN / YAULI / PACCHA	JUNIN	YAULI	PACCHA
120807	JUNIN / YAULI / SANTA BARBARA DE CARHUACAYAN	JUNIN	YAULI	SANTA BARBARA DE CARHUACAYAN
120808	JUNIN / YAULI / SANTA ROSA DE SACCO	JUNIN	YAULI	SANTA ROSA DE SACCO
120809	JUNIN / YAULI / SUITUCANCHA	JUNIN	YAULI	SUITUCANCHA
120810	JUNIN / YAULI / YAULI	JUNIN	YAULI	YAULI
120901	JUNIN / CHUPACA / CHUPACA	JUNIN	CHUPACA	CHUPACA
120902	JUNIN / CHUPACA / AHUAC	JUNIN	CHUPACA	AHUAC
120903	JUNIN / CHUPACA / CHONGOS BAJO	JUNIN	CHUPACA	CHONGOS BAJO
120904	JUNIN / CHUPACA / HUACHAC	JUNIN	CHUPACA	HUACHAC
120905	JUNIN / CHUPACA / HUAMANCACA CHICO	JUNIN	CHUPACA	HUAMANCACA CHICO
120906	JUNIN / CHUPACA / SAN JUAN DE YSCOS	JUNIN	CHUPACA	SAN JUAN DE YSCOS
120907	JUNIN / CHUPACA / SAN JUAN DE JARPA	JUNIN	CHUPACA	SAN JUAN DE JARPA
120908	JUNIN / CHUPACA / TRES DE DICIEMBRE	JUNIN	CHUPACA	TRES DE DICIEMBRE
120909	JUNIN / CHUPACA / YANACANCHA	JUNIN	CHUPACA	YANACANCHA
130101	LA LIBERTAD / TRUJILLO / TRUJILLO	LA LIBERTAD	TRUJILLO	TRUJILLO
130102	LA LIBERTAD / TRUJILLO / EL PORVENIR	LA LIBERTAD	TRUJILLO	EL PORVENIR
130103	LA LIBERTAD / TRUJILLO / FLORENCIA DE MORA	LA LIBERTAD	TRUJILLO	FLORENCIA DE MORA
130104	LA LIBERTAD / TRUJILLO / HUANCHACO	LA LIBERTAD	TRUJILLO	HUANCHACO
130105	LA LIBERTAD / TRUJILLO / LA ESPERANZA	LA LIBERTAD	TRUJILLO	LA ESPERANZA
130106	LA LIBERTAD / TRUJILLO / LAREDO	LA LIBERTAD	TRUJILLO	LAREDO
130107	LA LIBERTAD / TRUJILLO / MOCHE	LA LIBERTAD	TRUJILLO	MOCHE
130108	LA LIBERTAD / TRUJILLO / POROTO	LA LIBERTAD	TRUJILLO	POROTO
130109	LA LIBERTAD / TRUJILLO / SALAVERRY	LA LIBERTAD	TRUJILLO	SALAVERRY
130110	LA LIBERTAD / TRUJILLO / SIMBAL	LA LIBERTAD	TRUJILLO	SIMBAL
130111	LA LIBERTAD / TRUJILLO / VICTOR LARCO HERRERA	LA LIBERTAD	TRUJILLO	VICTOR LARCO HERRERA
130201	LA LIBERTAD / ASCOPE / ASCOPE	LA LIBERTAD	ASCOPE	ASCOPE
130202	LA LIBERTAD / ASCOPE / CHICAMA	LA LIBERTAD	ASCOPE	CHICAMA
130203	LA LIBERTAD / ASCOPE / CHOCOPE	LA LIBERTAD	ASCOPE	CHOCOPE
130204	LA LIBERTAD / ASCOPE / MAGDALENA DE CAO	LA LIBERTAD	ASCOPE	MAGDALENA DE CAO
130205	LA LIBERTAD / ASCOPE / PAIJAN	LA LIBERTAD	ASCOPE	PAIJAN
130206	LA LIBERTAD / ASCOPE / RAZURI	LA LIBERTAD	ASCOPE	RAZURI
130207	LA LIBERTAD / ASCOPE / SANTIAGO DE CAO	LA LIBERTAD	ASCOPE	SANTIAGO DE CAO
130208	LA LIBERTAD / ASCOPE / CASA GRANDE	LA LIBERTAD	ASCOPE	CASA GRANDE
130301	LA LIBERTAD / BOLIVAR / BOLIVAR	LA LIBERTAD	BOLIVAR	BOLIVAR
130302	LA LIBERTAD / BOLIVAR / BAMBAMARCA	LA LIBERTAD	BOLIVAR	BAMBAMARCA
130303	LA LIBERTAD / BOLIVAR / CONDORMARCA	LA LIBERTAD	BOLIVAR	CONDORMARCA
130304	LA LIBERTAD / BOLIVAR / LONGOTEA	LA LIBERTAD	BOLIVAR	LONGOTEA
130305	LA LIBERTAD / BOLIVAR / UCHUMARCA	LA LIBERTAD	BOLIVAR	UCHUMARCA
130306	LA LIBERTAD / BOLIVAR / UCUNCHA	LA LIBERTAD	BOLIVAR	UCUNCHA
130401	LA LIBERTAD / CHEPEN / CHEPEN	LA LIBERTAD	CHEPEN	CHEPEN
130402	LA LIBERTAD / CHEPEN / PACANGA	LA LIBERTAD	CHEPEN	PACANGA
130403	LA LIBERTAD / CHEPEN / PUEBLO NUEVO	LA LIBERTAD	CHEPEN	PUEBLO NUEVO
130501	LA LIBERTAD / JULCAN / JULCAN	LA LIBERTAD	JULCAN	JULCAN
130502	LA LIBERTAD / JULCAN / CALAMARCA	LA LIBERTAD	JULCAN	CALAMARCA
130503	LA LIBERTAD / JULCAN / CARABAMBA	LA LIBERTAD	JULCAN	CARABAMBA
130504	LA LIBERTAD / JULCAN / HUASO	LA LIBERTAD	JULCAN	HUASO
130601	LA LIBERTAD / OTUZCO / OTUZCO	LA LIBERTAD	OTUZCO	OTUZCO
130602	LA LIBERTAD / OTUZCO / AGALLPAMPA	LA LIBERTAD	OTUZCO	AGALLPAMPA
130604	LA LIBERTAD / OTUZCO / CHARAT	LA LIBERTAD	OTUZCO	CHARAT
130605	LA LIBERTAD / OTUZCO / HUARANCHAL	LA LIBERTAD	OTUZCO	HUARANCHAL
130606	LA LIBERTAD / OTUZCO / LA CUESTA	LA LIBERTAD	OTUZCO	LA CUESTA
130608	LA LIBERTAD / OTUZCO / MACHE	LA LIBERTAD	OTUZCO	MACHE
130610	LA LIBERTAD / OTUZCO / PARANDAY	LA LIBERTAD	OTUZCO	PARANDAY
130611	LA LIBERTAD / OTUZCO / SALPO	LA LIBERTAD	OTUZCO	SALPO
130613	LA LIBERTAD / OTUZCO / SINSICAP	LA LIBERTAD	OTUZCO	SINSICAP
130614	LA LIBERTAD / OTUZCO / USQUIL	LA LIBERTAD	OTUZCO	USQUIL
130701	LA LIBERTAD / PACASMAYO / SAN PEDRO DE LLOC	LA LIBERTAD	PACASMAYO	SAN PEDRO DE LLOC
130702	LA LIBERTAD / PACASMAYO / GUADALUPE	LA LIBERTAD	PACASMAYO	GUADALUPE
130703	LA LIBERTAD / PACASMAYO / JEQUETEPEQUE	LA LIBERTAD	PACASMAYO	JEQUETEPEQUE
130704	LA LIBERTAD / PACASMAYO / PACASMAYO	LA LIBERTAD	PACASMAYO	PACASMAYO
130705	LA LIBERTAD / PACASMAYO / SAN JOSE	LA LIBERTAD	PACASMAYO	SAN JOSE
130801	LA LIBERTAD / PATAZ / TAYABAMBA	LA LIBERTAD	PATAZ	TAYABAMBA
130802	LA LIBERTAD / PATAZ / BULDIBUYO	LA LIBERTAD	PATAZ	BULDIBUYO
130803	LA LIBERTAD / PATAZ / CHILLIA	LA LIBERTAD	PATAZ	CHILLIA
130804	LA LIBERTAD / PATAZ / HUANCASPATA	LA LIBERTAD	PATAZ	HUANCASPATA
130805	LA LIBERTAD / PATAZ / HUAYLILLAS	LA LIBERTAD	PATAZ	HUAYLILLAS
130806	LA LIBERTAD / PATAZ / HUAYO	LA LIBERTAD	PATAZ	HUAYO
130807	LA LIBERTAD / PATAZ / ONGON	LA LIBERTAD	PATAZ	ONGON
130808	LA LIBERTAD / PATAZ / PARCOY	LA LIBERTAD	PATAZ	PARCOY
130809	LA LIBERTAD / PATAZ / PATAZ	LA LIBERTAD	PATAZ	PATAZ
130810	LA LIBERTAD / PATAZ / PIAS	LA LIBERTAD	PATAZ	PIAS
130811	LA LIBERTAD / PATAZ / SANTIAGO DE CHALLAS	LA LIBERTAD	PATAZ	SANTIAGO DE CHALLAS
130812	LA LIBERTAD / PATAZ / TAURIJA	LA LIBERTAD	PATAZ	TAURIJA
130813	LA LIBERTAD / PATAZ / URPAY	LA LIBERTAD	PATAZ	URPAY
130901	LA LIBERTAD / SANCHEZ CARRION / HUAMACHUCO	LA LIBERTAD	SANCHEZ CARRION	HUAMACHUCO
130902	LA LIBERTAD / SANCHEZ CARRION / CHUGAY	LA LIBERTAD	SANCHEZ CARRION	CHUGAY
130903	LA LIBERTAD / SANCHEZ CARRION / COCHORCO	LA LIBERTAD	SANCHEZ CARRION	COCHORCO
130904	LA LIBERTAD / SANCHEZ CARRION / CURGOS	LA LIBERTAD	SANCHEZ CARRION	CURGOS
130905	LA LIBERTAD / SANCHEZ CARRION / MARCABAL	LA LIBERTAD	SANCHEZ CARRION	MARCABAL
130906	LA LIBERTAD / SANCHEZ CARRION / SANAGORAN	LA LIBERTAD	SANCHEZ CARRION	SANAGORAN
130907	LA LIBERTAD / SANCHEZ CARRION / SARIN	LA LIBERTAD	SANCHEZ CARRION	SARIN
130908	LA LIBERTAD / SANCHEZ CARRION / SARTIMBAMBA	LA LIBERTAD	SANCHEZ CARRION	SARTIMBAMBA
131001	LA LIBERTAD / SANTIAGO DE CHUCO / SANTIAGO DE CHUCO	LA LIBERTAD	SANTIAGO DE CHUCO	SANTIAGO DE CHUCO
131002	LA LIBERTAD / SANTIAGO DE CHUCO / ANGASMARCA	LA LIBERTAD	SANTIAGO DE CHUCO	ANGASMARCA
131003	LA LIBERTAD / SANTIAGO DE CHUCO / CACHICADAN	LA LIBERTAD	SANTIAGO DE CHUCO	CACHICADAN
131004	LA LIBERTAD / SANTIAGO DE CHUCO / MOLLEBAMBA	LA LIBERTAD	SANTIAGO DE CHUCO	MOLLEBAMBA
131005	LA LIBERTAD / SANTIAGO DE CHUCO / MOLLEPATA	LA LIBERTAD	SANTIAGO DE CHUCO	MOLLEPATA
131006	LA LIBERTAD / SANTIAGO DE CHUCO / QUIRUVILCA	LA LIBERTAD	SANTIAGO DE CHUCO	QUIRUVILCA
131007	LA LIBERTAD / SANTIAGO DE CHUCO / SANTA CRUZ DE CHUCA	LA LIBERTAD	SANTIAGO DE CHUCO	SANTA CRUZ DE CHUCA
131008	LA LIBERTAD / SANTIAGO DE CHUCO / SITABAMBA	LA LIBERTAD	SANTIAGO DE CHUCO	SITABAMBA
131101	LA LIBERTAD / GRAN CHIMU / CASCAS	LA LIBERTAD	GRAN CHIMU	CASCAS
131102	LA LIBERTAD / GRAN CHIMU / LUCMA	LA LIBERTAD	GRAN CHIMU	LUCMA
131103	LA LIBERTAD / GRAN CHIMU / MARMOT	LA LIBERTAD	GRAN CHIMU	MARMOT
131104	LA LIBERTAD / GRAN CHIMU / SAYAPULLO	LA LIBERTAD	GRAN CHIMU	SAYAPULLO
131201	LA LIBERTAD / VIRU / VIRU	LA LIBERTAD	VIRU	VIRU
131202	LA LIBERTAD / VIRU / CHAO	LA LIBERTAD	VIRU	CHAO
131203	LA LIBERTAD / VIRU / GUADALUPITO	LA LIBERTAD	VIRU	GUADALUPITO
140101	LAMBAYEQUE / CHICLAYO / CHICLAYO	LAMBAYEQUE	CHICLAYO	CHICLAYO
140102	LAMBAYEQUE / CHICLAYO / CHONGOYAPE	LAMBAYEQUE	CHICLAYO	CHONGOYAPE
140103	LAMBAYEQUE / CHICLAYO / ETEN	LAMBAYEQUE	CHICLAYO	ETEN
140104	LAMBAYEQUE / CHICLAYO / ETEN PUERTO	LAMBAYEQUE	CHICLAYO	ETEN PUERTO
140105	LAMBAYEQUE / CHICLAYO / JOSE LEONARDO ORTIZ	LAMBAYEQUE	CHICLAYO	JOSE LEONARDO ORTIZ
140106	LAMBAYEQUE / CHICLAYO / LA VICTORIA	LAMBAYEQUE	CHICLAYO	LA VICTORIA
140107	LAMBAYEQUE / CHICLAYO / LAGUNAS	LAMBAYEQUE	CHICLAYO	LAGUNAS
140108	LAMBAYEQUE / CHICLAYO / MONSEFU	LAMBAYEQUE	CHICLAYO	MONSEFU
140109	LAMBAYEQUE / CHICLAYO / NUEVA ARICA	LAMBAYEQUE	CHICLAYO	NUEVA ARICA
140110	LAMBAYEQUE / CHICLAYO / OYOTUN	LAMBAYEQUE	CHICLAYO	OYOTUN
140111	LAMBAYEQUE / CHICLAYO / PICSI	LAMBAYEQUE	CHICLAYO	PICSI
140112	LAMBAYEQUE / CHICLAYO / PIMENTEL	LAMBAYEQUE	CHICLAYO	PIMENTEL
140113	LAMBAYEQUE / CHICLAYO / REQUE	LAMBAYEQUE	CHICLAYO	REQUE
140114	LAMBAYEQUE / CHICLAYO / SANTA ROSA	LAMBAYEQUE	CHICLAYO	SANTA ROSA
140115	LAMBAYEQUE / CHICLAYO / SAÑA	LAMBAYEQUE	CHICLAYO	SAÑA
140116	LAMBAYEQUE / CHICLAYO / CAYALTI	LAMBAYEQUE	CHICLAYO	CAYALTI
140117	LAMBAYEQUE / CHICLAYO / PATAPO	LAMBAYEQUE	CHICLAYO	PATAPO
140118	LAMBAYEQUE / CHICLAYO / POMALCA	LAMBAYEQUE	CHICLAYO	POMALCA
140119	LAMBAYEQUE / CHICLAYO / PUCALA	LAMBAYEQUE	CHICLAYO	PUCALA
140120	LAMBAYEQUE / CHICLAYO / TUMAN	LAMBAYEQUE	CHICLAYO	TUMAN
140201	LAMBAYEQUE / FERREÑAFE / FERREÑAFE	LAMBAYEQUE	FERREÑAFE	FERREÑAFE
140202	LAMBAYEQUE / FERREÑAFE / CAÑARIS	LAMBAYEQUE	FERREÑAFE	CAÑARIS
140203	LAMBAYEQUE / FERREÑAFE / INCAHUASI	LAMBAYEQUE	FERREÑAFE	INCAHUASI
140204	LAMBAYEQUE / FERREÑAFE / MANUEL ANTONIO MESONES MURO	LAMBAYEQUE	FERREÑAFE	MANUEL ANTONIO MESONES MURO
140205	LAMBAYEQUE / FERREÑAFE / PITIPO	LAMBAYEQUE	FERREÑAFE	PITIPO
140206	LAMBAYEQUE / FERREÑAFE / PUEBLO NUEVO	LAMBAYEQUE	FERREÑAFE	PUEBLO NUEVO
140301	LAMBAYEQUE / LAMBAYEQUE / LAMBAYEQUE	LAMBAYEQUE	LAMBAYEQUE	LAMBAYEQUE
140302	LAMBAYEQUE / LAMBAYEQUE / CHOCHOPE	LAMBAYEQUE	LAMBAYEQUE	CHOCHOPE
140303	LAMBAYEQUE / LAMBAYEQUE / ILLIMO	LAMBAYEQUE	LAMBAYEQUE	ILLIMO
140304	LAMBAYEQUE / LAMBAYEQUE / JAYANCA	LAMBAYEQUE	LAMBAYEQUE	JAYANCA
140305	LAMBAYEQUE / LAMBAYEQUE / MOCHUMI	LAMBAYEQUE	LAMBAYEQUE	MOCHUMI
140306	LAMBAYEQUE / LAMBAYEQUE / MORROPE	LAMBAYEQUE	LAMBAYEQUE	MORROPE
140307	LAMBAYEQUE / LAMBAYEQUE / MOTUPE	LAMBAYEQUE	LAMBAYEQUE	MOTUPE
140308	LAMBAYEQUE / LAMBAYEQUE / OLMOS	LAMBAYEQUE	LAMBAYEQUE	OLMOS
140309	LAMBAYEQUE / LAMBAYEQUE / PACORA	LAMBAYEQUE	LAMBAYEQUE	PACORA
140310	LAMBAYEQUE / LAMBAYEQUE / SALAS	LAMBAYEQUE	LAMBAYEQUE	SALAS
140311	LAMBAYEQUE / LAMBAYEQUE / SAN JOSE	LAMBAYEQUE	LAMBAYEQUE	SAN JOSE
140312	LAMBAYEQUE / LAMBAYEQUE / TUCUME	LAMBAYEQUE	LAMBAYEQUE	TUCUME
150101	LIMA / LIMA / LIMA	LIMA	LIMA	LIMA
150102	LIMA / LIMA / ANCON	LIMA	LIMA	ANCON
150103	LIMA / LIMA / ATE	LIMA	LIMA	ATE
150104	LIMA / LIMA / BARRANCO	LIMA	LIMA	BARRANCO
150105	LIMA / LIMA / BREÑA	LIMA	LIMA	BREÑA
150106	LIMA / LIMA / CARABAYLLO	LIMA	LIMA	CARABAYLLO
150107	LIMA / LIMA / CHACLACAYO	LIMA	LIMA	CHACLACAYO
150108	LIMA / LIMA / CHORRILLOS	LIMA	LIMA	CHORRILLOS
150109	LIMA / LIMA / CIENEGUILLA	LIMA	LIMA	CIENEGUILLA
150110	LIMA / LIMA / COMAS	LIMA	LIMA	COMAS
150111	LIMA / LIMA / EL AGUSTINO	LIMA	LIMA	EL AGUSTINO
150112	LIMA / LIMA / INDEPENDENCIA	LIMA	LIMA	INDEPENDENCIA
150113	LIMA / LIMA / JESUS MARIA	LIMA	LIMA	JESUS MARIA
150114	LIMA / LIMA / LA MOLINA	LIMA	LIMA	LA MOLINA
150115	LIMA / LIMA / LA VICTORIA	LIMA	LIMA	LA VICTORIA
150116	LIMA / LIMA / LINCE	LIMA	LIMA	LINCE
150117	LIMA / LIMA / LOS OLIVOS	LIMA	LIMA	LOS OLIVOS
150118	LIMA / LIMA / LURIGANCHO	LIMA	LIMA	LURIGANCHO
150119	LIMA / LIMA / LURIN	LIMA	LIMA	LURIN
150120	LIMA / LIMA / MAGDALENA DEL MAR	LIMA	LIMA	MAGDALENA DEL MAR
150121	LIMA / LIMA / PUEBLO LIBRE	LIMA	LIMA	PUEBLO LIBRE
150122	LIMA / LIMA / MIRAFLORES	LIMA	LIMA	MIRAFLORES
150123	LIMA / LIMA / PACHACAMAC	LIMA	LIMA	PACHACAMAC
150124	LIMA / LIMA / PUCUSANA	LIMA	LIMA	PUCUSANA
150125	LIMA / LIMA / PUENTE PIEDRA	LIMA	LIMA	PUENTE PIEDRA
150126	LIMA / LIMA / PUNTA HERMOSA	LIMA	LIMA	PUNTA HERMOSA
150127	LIMA / LIMA / PUNTA NEGRA	LIMA	LIMA	PUNTA NEGRA
150128	LIMA / LIMA / RIMAC	LIMA	LIMA	RIMAC
150129	LIMA / LIMA / SAN BARTOLO	LIMA	LIMA	SAN BARTOLO
150130	LIMA / LIMA / SAN BORJA	LIMA	LIMA	SAN BORJA
150131	LIMA / LIMA / SAN ISIDRO	LIMA	LIMA	SAN ISIDRO
150132	LIMA / LIMA / SAN JUAN DE LURIGANCHO	LIMA	LIMA	SAN JUAN DE LURIGANCHO
150133	LIMA / LIMA / SAN JUAN DE MIRAFLORES	LIMA	LIMA	SAN JUAN DE MIRAFLORES
150134	LIMA / LIMA / SAN LUIS	LIMA	LIMA	SAN LUIS
150135	LIMA / LIMA / SAN MARTIN DE PORRES	LIMA	LIMA	SAN MARTIN DE PORRES
150136	LIMA / LIMA / SAN MIGUEL	LIMA	LIMA	SAN MIGUEL
150137	LIMA / LIMA / SANTA ANITA	LIMA	LIMA	SANTA ANITA
150138	LIMA / LIMA / SANTA MARIA DEL MAR	LIMA	LIMA	SANTA MARIA DEL MAR
150139	LIMA / LIMA / SANTA ROSA	LIMA	LIMA	SANTA ROSA
150140	LIMA / LIMA / SANTIAGO DE SURCO	LIMA	LIMA	SANTIAGO DE SURCO
150141	LIMA / LIMA / SURQUILLO	LIMA	LIMA	SURQUILLO
150142	LIMA / LIMA / VILLA EL SALVADOR	LIMA	LIMA	VILLA EL SALVADOR
150143	LIMA / LIMA / VILLA MARIA DEL TRIUNFO	LIMA	LIMA	VILLA MARIA DEL TRIUNFO
150144	LIMA / LIMA / SANTA MARIA DE HUACHIPA	LIMA	LIMA	SANTA MARIA DE HUACHIPA
150201	LIMA / BARRANCA / BARRANCA	LIMA	BARRANCA	BARRANCA
150202	LIMA / BARRANCA / PARAMONGA	LIMA	BARRANCA	PARAMONGA
150203	LIMA / BARRANCA / PATIVILCA	LIMA	BARRANCA	PATIVILCA
150204	LIMA / BARRANCA / SUPE	LIMA	BARRANCA	SUPE
150205	LIMA / BARRANCA / SUPE PUERTO	LIMA	BARRANCA	SUPE PUERTO
150301	LIMA / CAJATAMBO / CAJATAMBO	LIMA	CAJATAMBO	CAJATAMBO
150302	LIMA / CAJATAMBO / COPA	LIMA	CAJATAMBO	COPA
150303	LIMA / CAJATAMBO / GORGOR	LIMA	CAJATAMBO	GORGOR
150304	LIMA / CAJATAMBO / HUANCAPON	LIMA	CAJATAMBO	HUANCAPON
150305	LIMA / CAJATAMBO / MANAS	LIMA	CAJATAMBO	MANAS
150401	LIMA / CANTA / CANTA	LIMA	CANTA	CANTA
150402	LIMA / CANTA / ARAHUAY	LIMA	CANTA	ARAHUAY
150403	LIMA / CANTA / HUAMANTANGA	LIMA	CANTA	HUAMANTANGA
150404	LIMA / CANTA / HUAROS	LIMA	CANTA	HUAROS
150405	LIMA / CANTA / LACHAQUI	LIMA	CANTA	LACHAQUI
150406	LIMA / CANTA / SAN BUENAVENTURA	LIMA	CANTA	SAN BUENAVENTURA
150407	LIMA / CANTA / SANTA ROSA DE QUIVES	LIMA	CANTA	SANTA ROSA DE QUIVES
150501	LIMA / CAÑETE / SAN VICENTE DE CAÑETE	LIMA	CAÑETE	SAN VICENTE DE CAÑETE
150502	LIMA / CAÑETE / ASIA	LIMA	CAÑETE	ASIA
150503	LIMA / CAÑETE / CALANGO	LIMA	CAÑETE	CALANGO
150504	LIMA / CAÑETE / CERRO AZUL	LIMA	CAÑETE	CERRO AZUL
150505	LIMA / CAÑETE / CHILCA	LIMA	CAÑETE	CHILCA
150506	LIMA / CAÑETE / COAYLLO	LIMA	CAÑETE	COAYLLO
150507	LIMA / CAÑETE / IMPERIAL	LIMA	CAÑETE	IMPERIAL
150508	LIMA / CAÑETE / LUNAHUANA	LIMA	CAÑETE	LUNAHUANA
150509	LIMA / CAÑETE / MALA	LIMA	CAÑETE	MALA
150510	LIMA / CAÑETE / NUEVO IMPERIAL	LIMA	CAÑETE	NUEVO IMPERIAL
150511	LIMA / CAÑETE / PACARAN	LIMA	CAÑETE	PACARAN
150512	LIMA / CAÑETE / QUILMANA	LIMA	CAÑETE	QUILMANA
150513	LIMA / CAÑETE / SAN ANTONIO	LIMA	CAÑETE	SAN ANTONIO
150514	LIMA / CAÑETE / SAN LUIS	LIMA	CAÑETE	SAN LUIS
150515	LIMA / CAÑETE / SANTA CRUZ DE FLORES	LIMA	CAÑETE	SANTA CRUZ DE FLORES
150516	LIMA / CAÑETE / ZUÑIGA	LIMA	CAÑETE	ZUÑIGA
150601	LIMA / HUARAL / HUARAL	LIMA	HUARAL	HUARAL
150602	LIMA / HUARAL / ATAVILLOS ALTO	LIMA	HUARAL	ATAVILLOS ALTO
150603	LIMA / HUARAL / ATAVILLOS BAJO	LIMA	HUARAL	ATAVILLOS BAJO
150604	LIMA / HUARAL / AUCALLAMA	LIMA	HUARAL	AUCALLAMA
150605	LIMA / HUARAL / CHANCAY	LIMA	HUARAL	CHANCAY
150606	LIMA / HUARAL / IHUARI	LIMA	HUARAL	IHUARI
150607	LIMA / HUARAL / LAMPIAN	LIMA	HUARAL	LAMPIAN
150608	LIMA / HUARAL / PACARAOS	LIMA	HUARAL	PACARAOS
150609	LIMA / HUARAL / SAN MIGUEL DE ACOS	LIMA	HUARAL	SAN MIGUEL DE ACOS
150610	LIMA / HUARAL / SANTA CRUZ DE ANDAMARCA	LIMA	HUARAL	SANTA CRUZ DE ANDAMARCA
150611	LIMA / HUARAL / SUMBILCA	LIMA	HUARAL	SUMBILCA
150612	LIMA / HUARAL / VEINTISIETE DE NOVIEMBRE	LIMA	HUARAL	VEINTISIETE DE NOVIEMBRE
150701	LIMA / HUAROCHIRI / MATUCANA	LIMA	HUAROCHIRI	MATUCANA
150702	LIMA / HUAROCHIRI / ANTIOQUIA	LIMA	HUAROCHIRI	ANTIOQUIA
150703	LIMA / HUAROCHIRI / CALLAHUANCA	LIMA	HUAROCHIRI	CALLAHUANCA
150704	LIMA / HUAROCHIRI / CARAMPOMA	LIMA	HUAROCHIRI	CARAMPOMA
150705	LIMA / HUAROCHIRI / CHICLA	LIMA	HUAROCHIRI	CHICLA
150706	LIMA / HUAROCHIRI / CUENCA	LIMA	HUAROCHIRI	CUENCA
150707	LIMA / HUAROCHIRI / HUACHUPAMPA	LIMA	HUAROCHIRI	HUACHUPAMPA
150708	LIMA / HUAROCHIRI / HUANZA	LIMA	HUAROCHIRI	HUANZA
150709	LIMA / HUAROCHIRI / HUAROCHIRI	LIMA	HUAROCHIRI	HUAROCHIRI
150710	LIMA / HUAROCHIRI / LAHUAYTAMBO	LIMA	HUAROCHIRI	LAHUAYTAMBO
150711	LIMA / HUAROCHIRI / LANGA	LIMA	HUAROCHIRI	LANGA
150712	LIMA / HUAROCHIRI / LARAOS	LIMA	HUAROCHIRI	LARAOS
150713	LIMA / HUAROCHIRI / MARIATANA	LIMA	HUAROCHIRI	MARIATANA
150714	LIMA / HUAROCHIRI / RICARDO PALMA	LIMA	HUAROCHIRI	RICARDO PALMA
150715	LIMA / HUAROCHIRI / SAN ANDRES DE TUPICOCHA	LIMA	HUAROCHIRI	SAN ANDRES DE TUPICOCHA
150716	LIMA / HUAROCHIRI / SAN ANTONIO	LIMA	HUAROCHIRI	SAN ANTONIO
150717	LIMA / HUAROCHIRI / SAN BARTOLOME	LIMA	HUAROCHIRI	SAN BARTOLOME
150718	LIMA / HUAROCHIRI / SAN DAMIAN	LIMA	HUAROCHIRI	SAN DAMIAN
150719	LIMA / HUAROCHIRI / SAN JUAN DE IRIS	LIMA	HUAROCHIRI	SAN JUAN DE IRIS
150720	LIMA / HUAROCHIRI / SAN JUAN DE TANTARANCHE	LIMA	HUAROCHIRI	SAN JUAN DE TANTARANCHE
150721	LIMA / HUAROCHIRI / SAN LORENZO DE QUINTI	LIMA	HUAROCHIRI	SAN LORENZO DE QUINTI
150722	LIMA / HUAROCHIRI / SAN MATEO	LIMA	HUAROCHIRI	SAN MATEO
150723	LIMA / HUAROCHIRI / SAN MATEO DE OTAO	LIMA	HUAROCHIRI	SAN MATEO DE OTAO
150724	LIMA / HUAROCHIRI / SAN PEDRO DE CASTA	LIMA	HUAROCHIRI	SAN PEDRO DE CASTA
150725	LIMA / HUAROCHIRI / SAN PEDRO DE HUANCAYRE	LIMA	HUAROCHIRI	SAN PEDRO DE HUANCAYRE
150726	LIMA / HUAROCHIRI / SANGALLAYA	LIMA	HUAROCHIRI	SANGALLAYA
150727	LIMA / HUAROCHIRI / SANTA CRUZ DE COCACHACRA	LIMA	HUAROCHIRI	SANTA CRUZ DE COCACHACRA
150728	LIMA / HUAROCHIRI / SANTA EULALIA	LIMA	HUAROCHIRI	SANTA EULALIA
150729	LIMA / HUAROCHIRI / SANTIAGO DE ANCHUCAYA	LIMA	HUAROCHIRI	SANTIAGO DE ANCHUCAYA
150730	LIMA / HUAROCHIRI / SANTIAGO DE TUNA	LIMA	HUAROCHIRI	SANTIAGO DE TUNA
150731	LIMA / HUAROCHIRI / SANTO DOMINGO DE LOS OLLEROS	LIMA	HUAROCHIRI	SANTO DOMINGO DE LOS OLLEROS
150732	LIMA / HUAROCHIRI / SURCO	LIMA	HUAROCHIRI	SURCO
150801	LIMA / HUAURA / HUACHO	LIMA	HUAURA	HUACHO
150802	LIMA / HUAURA / AMBAR	LIMA	HUAURA	AMBAR
150803	LIMA / HUAURA / CALETA DE CARQUIN	LIMA	HUAURA	CALETA DE CARQUIN
150804	LIMA / HUAURA / CHECRAS	LIMA	HUAURA	CHECRAS
150805	LIMA / HUAURA / HUALMAY	LIMA	HUAURA	HUALMAY
150806	LIMA / HUAURA / HUAURA	LIMA	HUAURA	HUAURA
150807	LIMA / HUAURA / LEONCIO PRADO	LIMA	HUAURA	LEONCIO PRADO
150808	LIMA / HUAURA / PACCHO	LIMA	HUAURA	PACCHO
150809	LIMA / HUAURA / SANTA LEONOR	LIMA	HUAURA	SANTA LEONOR
150810	LIMA / HUAURA / SANTA MARIA	LIMA	HUAURA	SANTA MARIA
150811	LIMA / HUAURA / SAYAN	LIMA	HUAURA	SAYAN
150812	LIMA / HUAURA / VEGUETA	LIMA	HUAURA	VEGUETA
150901	LIMA / OYON / OYON	LIMA	OYON	OYON
150902	LIMA / OYON / ANDAJES	LIMA	OYON	ANDAJES
150903	LIMA / OYON / CAUJUL	LIMA	OYON	CAUJUL
150904	LIMA / OYON / COCHAMARCA	LIMA	OYON	COCHAMARCA
150905	LIMA / OYON / NAVAN	LIMA	OYON	NAVAN
150906	LIMA / OYON / PACHANGARA	LIMA	OYON	PACHANGARA
151001	LIMA / YAUYOS / YAUYOS	LIMA	YAUYOS	YAUYOS
151002	LIMA / YAUYOS / ALIS	LIMA	YAUYOS	ALIS
151003	LIMA / YAUYOS / AYAUCA	LIMA	YAUYOS	AYAUCA
151004	LIMA / YAUYOS / AYAVIRI	LIMA	YAUYOS	AYAVIRI
151005	LIMA / YAUYOS / AZANGARO	LIMA	YAUYOS	AZANGARO
151006	LIMA / YAUYOS / CACRA	LIMA	YAUYOS	CACRA
151007	LIMA / YAUYOS / CARANIA	LIMA	YAUYOS	CARANIA
151008	LIMA / YAUYOS / CATAHUASI	LIMA	YAUYOS	CATAHUASI
151009	LIMA / YAUYOS / CHOCOS	LIMA	YAUYOS	CHOCOS
151010	LIMA / YAUYOS / COCHAS	LIMA	YAUYOS	COCHAS
151011	LIMA / YAUYOS / COLONIA	LIMA	YAUYOS	COLONIA
151012	LIMA / YAUYOS / HONGOS	LIMA	YAUYOS	HONGOS
151013	LIMA / YAUYOS / HUAMPARA	LIMA	YAUYOS	HUAMPARA
151014	LIMA / YAUYOS / HUANCAYA	LIMA	YAUYOS	HUANCAYA
151015	LIMA / YAUYOS / HUANGASCAR	LIMA	YAUYOS	HUANGASCAR
151016	LIMA / YAUYOS / HUANTAN	LIMA	YAUYOS	HUANTAN
151017	LIMA / YAUYOS / HUAÑEC	LIMA	YAUYOS	HUAÑEC
151018	LIMA / YAUYOS / LARAOS	LIMA	YAUYOS	LARAOS
151019	LIMA / YAUYOS / LINCHA	LIMA	YAUYOS	LINCHA
151020	LIMA / YAUYOS / MADEAN	LIMA	YAUYOS	MADEAN
151021	LIMA / YAUYOS / MIRAFLORES	LIMA	YAUYOS	MIRAFLORES
151022	LIMA / YAUYOS / OMAS	LIMA	YAUYOS	OMAS
151023	LIMA / YAUYOS / PUTINZA	LIMA	YAUYOS	PUTINZA
151024	LIMA / YAUYOS / QUINCHES	LIMA	YAUYOS	QUINCHES
151025	LIMA / YAUYOS / QUINOCAY	LIMA	YAUYOS	QUINOCAY
151026	LIMA / YAUYOS / SAN JOAQUIN	LIMA	YAUYOS	SAN JOAQUIN
151027	LIMA / YAUYOS / SAN PEDRO DE PILAS	LIMA	YAUYOS	SAN PEDRO DE PILAS
151028	LIMA / YAUYOS / TANTA	LIMA	YAUYOS	TANTA
151029	LIMA / YAUYOS / TAURIPAMPA	LIMA	YAUYOS	TAURIPAMPA
151030	LIMA / YAUYOS / TOMAS	LIMA	YAUYOS	TOMAS
151031	LIMA / YAUYOS / TUPE	LIMA	YAUYOS	TUPE
151032	LIMA / YAUYOS / VIÑAC	LIMA	YAUYOS	VIÑAC
151033	LIMA / YAUYOS / VITIS	LIMA	YAUYOS	VITIS
160101	LORETO / MAYNAS / IQUITOS	LORETO	MAYNAS	IQUITOS
160102	LORETO / MAYNAS / ALTO NANAY	LORETO	MAYNAS	ALTO NANAY
160103	LORETO / MAYNAS / FERNANDO LORES	LORETO	MAYNAS	FERNANDO LORES
160104	LORETO / MAYNAS / INDIANA	LORETO	MAYNAS	INDIANA
160105	LORETO / MAYNAS / LAS AMAZONAS	LORETO	MAYNAS	LAS AMAZONAS
160106	LORETO / MAYNAS / MAZAN	LORETO	MAYNAS	MAZAN
160107	LORETO / MAYNAS / NAPO	LORETO	MAYNAS	NAPO
160108	LORETO / MAYNAS / PUNCHANA	LORETO	MAYNAS	PUNCHANA
160109	LORETO / MAYNAS / PUTUMAYO	LORETO	MAYNAS	PUTUMAYO
160110	LORETO / MAYNAS / TORRES CAUSANA	LORETO	MAYNAS	TORRES CAUSANA
160112	LORETO / MAYNAS / BELEN	LORETO	MAYNAS	BELEN
160113	LORETO / MAYNAS / SAN JUAN BAUTISTA	LORETO	MAYNAS	SAN JUAN BAUTISTA
160114	LORETO / MAYNAS / TENIENTE MANUEL CLAVERO	LORETO	MAYNAS	TENIENTE MANUEL CLAVERO
160201	LORETO / ALTO AMAZONAS / YURIMAGUAS	LORETO	ALTO AMAZONAS	YURIMAGUAS
160202	LORETO / ALTO AMAZONAS / BALSAPUERTO	LORETO	ALTO AMAZONAS	BALSAPUERTO
160205	LORETO / ALTO AMAZONAS / JEBEROS	LORETO	ALTO AMAZONAS	JEBEROS
160206	LORETO / ALTO AMAZONAS / LAGUNAS	LORETO	ALTO AMAZONAS	LAGUNAS
160210	LORETO / ALTO AMAZONAS / SANTA CRUZ	LORETO	ALTO AMAZONAS	SANTA CRUZ
160211	LORETO / ALTO AMAZONAS / TENIENTE CESAR LOPEZ ROJAS	LORETO	ALTO AMAZONAS	TENIENTE CESAR LOPEZ ROJAS
160301	LORETO / LORETO / NAUTA	LORETO	LORETO	NAUTA
160302	LORETO / LORETO / PARINARI	LORETO	LORETO	PARINARI
160303	LORETO / LORETO / TIGRE	LORETO	LORETO	TIGRE
160304	LORETO / LORETO / TROMPETEROS	LORETO	LORETO	TROMPETEROS
160305	LORETO / LORETO / URARINAS	LORETO	LORETO	URARINAS
160401	LORETO / MARISCAL RAMON CASTILLA / RAMON CASTILLA	LORETO	MARISCAL RAMON CASTILLA	RAMON CASTILLA
160402	LORETO / MARISCAL RAMON CASTILLA / PEBAS	LORETO	MARISCAL RAMON CASTILLA	PEBAS
160403	LORETO / MARISCAL RAMON CASTILLA / YAVARI	LORETO	MARISCAL RAMON CASTILLA	YAVARI
160404	LORETO / MARISCAL RAMON CASTILLA / SAN PABLO	LORETO	MARISCAL RAMON CASTILLA	SAN PABLO
160501	LORETO / REQUENA / REQUENA	LORETO	REQUENA	REQUENA
160502	LORETO / REQUENA / ALTO TAPICHE	LORETO	REQUENA	ALTO TAPICHE
160503	LORETO / REQUENA / CAPELO	LORETO	REQUENA	CAPELO
160504	LORETO / REQUENA / EMILIO SAN MARTIN	LORETO	REQUENA	EMILIO SAN MARTIN
160505	LORETO / REQUENA / MAQUIA	LORETO	REQUENA	MAQUIA
160506	LORETO / REQUENA / PUINAHUA	LORETO	REQUENA	PUINAHUA
160507	LORETO / REQUENA / SAQUENA	LORETO	REQUENA	SAQUENA
160508	LORETO / REQUENA / SOPLIN	LORETO	REQUENA	SOPLIN
160509	LORETO / REQUENA / TAPICHE	LORETO	REQUENA	TAPICHE
160510	LORETO / REQUENA / JENARO HERRERA	LORETO	REQUENA	JENARO HERRERA
160511	LORETO / REQUENA / YAQUERANA	LORETO	REQUENA	YAQUERANA
160601	LORETO / UCAYALI / CONTAMANA	LORETO	UCAYALI	CONTAMANA
160602	LORETO / UCAYALI / INAHUAYA	LORETO	UCAYALI	INAHUAYA
160603	LORETO / UCAYALI / PADRE MARQUEZ	LORETO	UCAYALI	PADRE MARQUEZ
160604	LORETO / UCAYALI / PAMPA HERMOSA	LORETO	UCAYALI	PAMPA HERMOSA
160605	LORETO / UCAYALI / SARAYACU	LORETO	UCAYALI	SARAYACU
160606	LORETO / UCAYALI / VARGAS GUERRA	LORETO	UCAYALI	VARGAS GUERRA
160701	LORETO / DATEM DEL MARAÑON / BARRANCA	LORETO	DATEM DEL MARAÑON	BARRANCA
160702	LORETO / DATEM DEL MARAÑON / CAHUAPANAS	LORETO	DATEM DEL MARAÑON	CAHUAPANAS
160703	LORETO / DATEM DEL MARAÑON / MANSERICHE	LORETO	DATEM DEL MARAÑON	MANSERICHE
160704	LORETO / DATEM DEL MARAÑON / MORONA	LORETO	DATEM DEL MARAÑON	MORONA
160705	LORETO / DATEM DEL MARAÑON / PASTAZA	LORETO	DATEM DEL MARAÑON	PASTAZA
160706	LORETO / DATEM DEL MARAÑON / ANDOAS	LORETO	DATEM DEL MARAÑON	ANDOAS
160801	LORETO / PUTUMAYO / PUTUMAYO	LORETO	PUTUMAYO	PUTUMAYO
160802	LORETO / PUTUMAYO / ROSA PANDURO	LORETO	PUTUMAYO	ROSA PANDURO
160803	LORETO / PUTUMAYO / TENIENTE MANUEL CLAVERO	LORETO	PUTUMAYO	TENIENTE MANUEL CLAVERO
160804	LORETO / PUTUMAYO / YAGUAS	LORETO	PUTUMAYO	YAGUAS
170101	MADRE DE DIOS / TAMBOPATA / TAMBOPATA	MADRE DE DIOS	TAMBOPATA	TAMBOPATA
170102	MADRE DE DIOS / TAMBOPATA / INAMBARI	MADRE DE DIOS	TAMBOPATA	INAMBARI
170103	MADRE DE DIOS / TAMBOPATA / LAS PIEDRAS	MADRE DE DIOS	TAMBOPATA	LAS PIEDRAS
170104	MADRE DE DIOS / TAMBOPATA / LABERINTO	MADRE DE DIOS	TAMBOPATA	LABERINTO
170201	MADRE DE DIOS / MANU / MANU	MADRE DE DIOS	MANU	MANU
170202	MADRE DE DIOS / MANU / FITZCARRALD	MADRE DE DIOS	MANU	FITZCARRALD
170203	MADRE DE DIOS / MANU / MADRE DE DIOS	MADRE DE DIOS	MANU	MADRE DE DIOS
170204	MADRE DE DIOS / MANU / HUEPETUHE	MADRE DE DIOS	MANU	HUEPETUHE
170301	MADRE DE DIOS / TAHUAMANU / IÑAPARI	MADRE DE DIOS	TAHUAMANU	IÑAPARI
170302	MADRE DE DIOS / TAHUAMANU / IBERIA	MADRE DE DIOS	TAHUAMANU	IBERIA
170303	MADRE DE DIOS / TAHUAMANU / TAHUAMANU	MADRE DE DIOS	TAHUAMANU	TAHUAMANU
180101	MOQUEGUA / MARISCAL NIETO / MOQUEGUA	MOQUEGUA	MARISCAL NIETO	MOQUEGUA
180102	MOQUEGUA / MARISCAL NIETO / CARUMAS	MOQUEGUA	MARISCAL NIETO	CARUMAS
180103	MOQUEGUA / MARISCAL NIETO / CUCHUMBAYA	MOQUEGUA	MARISCAL NIETO	CUCHUMBAYA
180104	MOQUEGUA / MARISCAL NIETO / SAMEGUA	MOQUEGUA	MARISCAL NIETO	SAMEGUA
180105	MOQUEGUA / MARISCAL NIETO / SAN CRISTOBAL	MOQUEGUA	MARISCAL NIETO	SAN CRISTOBAL
180106	MOQUEGUA / MARISCAL NIETO / TORATA	MOQUEGUA	MARISCAL NIETO	TORATA
180201	MOQUEGUA / GENERAL SANCHEZ CERRO / OMATE	MOQUEGUA	GENERAL SANCHEZ CERRO	OMATE
180202	MOQUEGUA / GENERAL SANCHEZ CERRO / CHOJATA	MOQUEGUA	GENERAL SANCHEZ CERRO	CHOJATA
180203	MOQUEGUA / GENERAL SANCHEZ CERRO / COALAQUE	MOQUEGUA	GENERAL SANCHEZ CERRO	COALAQUE
180204	MOQUEGUA / GENERAL SANCHEZ CERRO / ICHUÑA	MOQUEGUA	GENERAL SANCHEZ CERRO	ICHUÑA
180205	MOQUEGUA / GENERAL SANCHEZ CERRO / LA CAPILLA	MOQUEGUA	GENERAL SANCHEZ CERRO	LA CAPILLA
180206	MOQUEGUA / GENERAL SANCHEZ CERRO / LLOQUE	MOQUEGUA	GENERAL SANCHEZ CERRO	LLOQUE
180207	MOQUEGUA / GENERAL SANCHEZ CERRO / MATALAQUE	MOQUEGUA	GENERAL SANCHEZ CERRO	MATALAQUE
180208	MOQUEGUA / GENERAL SANCHEZ CERRO / PUQUINA	MOQUEGUA	GENERAL SANCHEZ CERRO	PUQUINA
180209	MOQUEGUA / GENERAL SANCHEZ CERRO / QUINISTAQUILLAS	MOQUEGUA	GENERAL SANCHEZ CERRO	QUINISTAQUILLAS
180210	MOQUEGUA / GENERAL SANCHEZ CERRO / UBINAS	MOQUEGUA	GENERAL SANCHEZ CERRO	UBINAS
180211	MOQUEGUA / GENERAL SANCHEZ CERRO / YUNGA	MOQUEGUA	GENERAL SANCHEZ CERRO	YUNGA
180301	MOQUEGUA / ILO / ILO	MOQUEGUA	ILO	ILO
180302	MOQUEGUA / ILO / EL ALGARROBAL	MOQUEGUA	ILO	EL ALGARROBAL
180303	MOQUEGUA / ILO / PACOCHA	MOQUEGUA	ILO	PACOCHA
190101	PASCO / PASCO / CHAUPIMARCA	PASCO	PASCO	CHAUPIMARCA
190102	PASCO / PASCO / HUACHON	PASCO	PASCO	HUACHON
190103	PASCO / PASCO / HUARIACA	PASCO	PASCO	HUARIACA
190104	PASCO / PASCO / HUAYLLAY	PASCO	PASCO	HUAYLLAY
190105	PASCO / PASCO / NINACACA	PASCO	PASCO	NINACACA
190106	PASCO / PASCO / PALLANCHACRA	PASCO	PASCO	PALLANCHACRA
190107	PASCO / PASCO / PAUCARTAMBO	PASCO	PASCO	PAUCARTAMBO
190108	PASCO / PASCO / SAN FRANCISCO DE ASIS DE YARUSYACAN	PASCO	PASCO	SAN FRANCISCO DE ASIS DE YARUSYACAN
190109	PASCO / PASCO / SIMON BOLIVAR	PASCO	PASCO	SIMON BOLIVAR
190110	PASCO / PASCO / TICLACAYAN	PASCO	PASCO	TICLACAYAN
190111	PASCO / PASCO / TINYAHUARCO	PASCO	PASCO	TINYAHUARCO
190112	PASCO / PASCO / VICCO	PASCO	PASCO	VICCO
190113	PASCO / PASCO / YANACANCHA	PASCO	PASCO	YANACANCHA
190201	PASCO / DANIEL ALCIDES CARRION / YANAHUANCA	PASCO	DANIEL ALCIDES CARRION	YANAHUANCA
190202	PASCO / DANIEL ALCIDES CARRION / CHACAYAN	PASCO	DANIEL ALCIDES CARRION	CHACAYAN
190203	PASCO / DANIEL ALCIDES CARRION / GOYLLARISQUIZGA	PASCO	DANIEL ALCIDES CARRION	GOYLLARISQUIZGA
190204	PASCO / DANIEL ALCIDES CARRION / PAUCAR	PASCO	DANIEL ALCIDES CARRION	PAUCAR
190205	PASCO / DANIEL ALCIDES CARRION / SAN PEDRO DE PILLAO	PASCO	DANIEL ALCIDES CARRION	SAN PEDRO DE PILLAO
190206	PASCO / DANIEL ALCIDES CARRION / SANTA ANA DE TUSI	PASCO	DANIEL ALCIDES CARRION	SANTA ANA DE TUSI
190207	PASCO / DANIEL ALCIDES CARRION / TAPUC	PASCO	DANIEL ALCIDES CARRION	TAPUC
190208	PASCO / DANIEL ALCIDES CARRION / VILCABAMBA	PASCO	DANIEL ALCIDES CARRION	VILCABAMBA
190301	PASCO / OXAPAMPA / OXAPAMPA	PASCO	OXAPAMPA	OXAPAMPA
190302	PASCO / OXAPAMPA / CHONTABAMBA	PASCO	OXAPAMPA	CHONTABAMBA
190303	PASCO / OXAPAMPA / HUANCABAMBA	PASCO	OXAPAMPA	HUANCABAMBA
190304	PASCO / OXAPAMPA / PALCAZU	PASCO	OXAPAMPA	PALCAZU
190305	PASCO / OXAPAMPA / POZUZO	PASCO	OXAPAMPA	POZUZO
190306	PASCO / OXAPAMPA / PUERTO BERMUDEZ	PASCO	OXAPAMPA	PUERTO BERMUDEZ
190307	PASCO / OXAPAMPA / VILLA RICA	PASCO	OXAPAMPA	VILLA RICA
190308	PASCO / OXAPAMPA / CONSTITUCION	PASCO	OXAPAMPA	CONSTITUCION
200101	PIURA / PIURA / PIURA	PIURA	PIURA	PIURA
200104	PIURA / PIURA / CASTILLA	PIURA	PIURA	CASTILLA
200105	PIURA / PIURA / CATACAOS	PIURA	PIURA	CATACAOS
200107	PIURA / PIURA / CURA MORI	PIURA	PIURA	CURA MORI
200108	PIURA / PIURA / EL TALLAN	PIURA	PIURA	EL TALLAN
200109	PIURA / PIURA / LA ARENA	PIURA	PIURA	LA ARENA
200110	PIURA / PIURA / LA UNION	PIURA	PIURA	LA UNION
200111	PIURA / PIURA / LAS LOMAS	PIURA	PIURA	LAS LOMAS
200114	PIURA / PIURA / TAMBO GRANDE	PIURA	PIURA	TAMBO GRANDE
200115	PIURA / PIURA / VEINTISEIS DE OCTUBRE	PIURA	PIURA	VEINTISEIS DE OCTUBRE
200201	PIURA / AYABACA / AYABACA	PIURA	AYABACA	AYABACA
200202	PIURA / AYABACA / FRIAS	PIURA	AYABACA	FRIAS
200203	PIURA / AYABACA / JILILI	PIURA	AYABACA	JILILI
200204	PIURA / AYABACA / LAGUNAS	PIURA	AYABACA	LAGUNAS
200205	PIURA / AYABACA / MONTERO	PIURA	AYABACA	MONTERO
200206	PIURA / AYABACA / PACAIPAMPA	PIURA	AYABACA	PACAIPAMPA
200207	PIURA / AYABACA / PAIMAS	PIURA	AYABACA	PAIMAS
200208	PIURA / AYABACA / SAPILLICA	PIURA	AYABACA	SAPILLICA
200209	PIURA / AYABACA / SICCHEZ	PIURA	AYABACA	SICCHEZ
200210	PIURA / AYABACA / SUYO	PIURA	AYABACA	SUYO
200301	PIURA / HUANCABAMBA / HUANCABAMBA	PIURA	HUANCABAMBA	HUANCABAMBA
200302	PIURA / HUANCABAMBA / CANCHAQUE	PIURA	HUANCABAMBA	CANCHAQUE
200303	PIURA / HUANCABAMBA / EL CARMEN DE LA FRONTERA	PIURA	HUANCABAMBA	EL CARMEN DE LA FRONTERA
200304	PIURA / HUANCABAMBA / HUARMACA	PIURA	HUANCABAMBA	HUARMACA
200305	PIURA / HUANCABAMBA / LALAQUIZ	PIURA	HUANCABAMBA	LALAQUIZ
200306	PIURA / HUANCABAMBA / SAN MIGUEL DE EL FAIQUE	PIURA	HUANCABAMBA	SAN MIGUEL DE EL FAIQUE
200307	PIURA / HUANCABAMBA / SONDOR	PIURA	HUANCABAMBA	SONDOR
200308	PIURA / HUANCABAMBA / SONDORILLO	PIURA	HUANCABAMBA	SONDORILLO
200401	PIURA / MORROPON / CHULUCANAS	PIURA	MORROPON	CHULUCANAS
200402	PIURA / MORROPON / BUENOS AIRES	PIURA	MORROPON	BUENOS AIRES
200403	PIURA / MORROPON / CHALACO	PIURA	MORROPON	CHALACO
200404	PIURA / MORROPON / LA MATANZA	PIURA	MORROPON	LA MATANZA
200405	PIURA / MORROPON / MORROPON	PIURA	MORROPON	MORROPON
200406	PIURA / MORROPON / SALITRAL	PIURA	MORROPON	SALITRAL
200407	PIURA / MORROPON / SAN JUAN DE BIGOTE	PIURA	MORROPON	SAN JUAN DE BIGOTE
200408	PIURA / MORROPON / SANTA CATALINA DE MOSSA	PIURA	MORROPON	SANTA CATALINA DE MOSSA
200409	PIURA / MORROPON / SANTO DOMINGO	PIURA	MORROPON	SANTO DOMINGO
200410	PIURA / MORROPON / YAMANGO	PIURA	MORROPON	YAMANGO
200501	PIURA / PAITA / PAITA	PIURA	PAITA	PAITA
200502	PIURA / PAITA / AMOTAPE	PIURA	PAITA	AMOTAPE
200503	PIURA / PAITA / ARENAL	PIURA	PAITA	ARENAL
200504	PIURA / PAITA / COLAN	PIURA	PAITA	COLAN
200505	PIURA / PAITA / LA HUACA	PIURA	PAITA	LA HUACA
200506	PIURA / PAITA / TAMARINDO	PIURA	PAITA	TAMARINDO
200507	PIURA / PAITA / VICHAYAL	PIURA	PAITA	VICHAYAL
200601	PIURA / SULLANA / SULLANA	PIURA	SULLANA	SULLANA
200602	PIURA / SULLANA / BELLAVISTA	PIURA	SULLANA	BELLAVISTA
200603	PIURA / SULLANA / IGNACIO ESCUDERO	PIURA	SULLANA	IGNACIO ESCUDERO
200604	PIURA / SULLANA / LANCONES	PIURA	SULLANA	LANCONES
200605	PIURA / SULLANA / MARCAVELICA	PIURA	SULLANA	MARCAVELICA
200606	PIURA / SULLANA / MIGUEL CHECA	PIURA	SULLANA	MIGUEL CHECA
200607	PIURA / SULLANA / QUERECOTILLO	PIURA	SULLANA	QUERECOTILLO
200608	PIURA / SULLANA / SALITRAL	PIURA	SULLANA	SALITRAL
200701	PIURA / TALARA / PARIÑAS	PIURA	TALARA	PARIÑAS
200702	PIURA / TALARA / EL ALTO	PIURA	TALARA	EL ALTO
200703	PIURA / TALARA / LA BREA	PIURA	TALARA	LA BREA
200704	PIURA / TALARA / LOBITOS	PIURA	TALARA	LOBITOS
200705	PIURA / TALARA / LOS ORGANOS	PIURA	TALARA	LOS ORGANOS
200706	PIURA / TALARA / MANCORA	PIURA	TALARA	MANCORA
200801	PIURA / SECHURA / SECHURA	PIURA	SECHURA	SECHURA
200802	PIURA / SECHURA / BELLAVISTA DE LA UNION	PIURA	SECHURA	BELLAVISTA DE LA UNION
200803	PIURA / SECHURA / BERNAL	PIURA	SECHURA	BERNAL
200804	PIURA / SECHURA / CRISTO NOS VALGA	PIURA	SECHURA	CRISTO NOS VALGA
200805	PIURA / SECHURA / VICE	PIURA	SECHURA	VICE
200806	PIURA / SECHURA / RINCONADA LLICUAR	PIURA	SECHURA	RINCONADA LLICUAR
210101	PUNO / PUNO / PUNO	PUNO	PUNO	PUNO
210102	PUNO / PUNO / ACORA	PUNO	PUNO	ACORA
210103	PUNO / PUNO / AMANTANI	PUNO	PUNO	AMANTANI
210104	PUNO / PUNO / ATUNCOLLA	PUNO	PUNO	ATUNCOLLA
210105	PUNO / PUNO / CAPACHICA	PUNO	PUNO	CAPACHICA
210106	PUNO / PUNO / CHUCUITO	PUNO	PUNO	CHUCUITO
210107	PUNO / PUNO / COATA	PUNO	PUNO	COATA
210108	PUNO / PUNO / HUATA	PUNO	PUNO	HUATA
210109	PUNO / PUNO / MAÑAZO	PUNO	PUNO	MAÑAZO
210110	PUNO / PUNO / PAUCARCOLLA	PUNO	PUNO	PAUCARCOLLA
210111	PUNO / PUNO / PICHACANI	PUNO	PUNO	PICHACANI
210112	PUNO / PUNO / PLATERIA	PUNO	PUNO	PLATERIA
210113	PUNO / PUNO / SAN ANTONIO	PUNO	PUNO	SAN ANTONIO
210114	PUNO / PUNO / TIQUILLACA	PUNO	PUNO	TIQUILLACA
210115	PUNO / PUNO / VILQUE	PUNO	PUNO	VILQUE
210201	PUNO / AZANGARO / AZANGARO	PUNO	AZANGARO	AZANGARO
210202	PUNO / AZANGARO / ACHAYA	PUNO	AZANGARO	ACHAYA
210203	PUNO / AZANGARO / ARAPA	PUNO	AZANGARO	ARAPA
210204	PUNO / AZANGARO / ASILLO	PUNO	AZANGARO	ASILLO
210205	PUNO / AZANGARO / CAMINACA	PUNO	AZANGARO	CAMINACA
210206	PUNO / AZANGARO / CHUPA	PUNO	AZANGARO	CHUPA
210207	PUNO / AZANGARO / JOSE DOMINGO CHOQUEHUANCA	PUNO	AZANGARO	JOSE DOMINGO CHOQUEHUANCA
210208	PUNO / AZANGARO / MUÑANI	PUNO	AZANGARO	MUÑANI
210209	PUNO / AZANGARO / POTONI	PUNO	AZANGARO	POTONI
210210	PUNO / AZANGARO / SAMAN	PUNO	AZANGARO	SAMAN
210211	PUNO / AZANGARO / SAN ANTON	PUNO	AZANGARO	SAN ANTON
210212	PUNO / AZANGARO / SAN JOSE	PUNO	AZANGARO	SAN JOSE
210213	PUNO / AZANGARO / SAN JUAN DE SALINAS	PUNO	AZANGARO	SAN JUAN DE SALINAS
210214	PUNO / AZANGARO / SANTIAGO DE PUPUJA	PUNO	AZANGARO	SANTIAGO DE PUPUJA
210215	PUNO / AZANGARO / TIRAPATA	PUNO	AZANGARO	TIRAPATA
210301	PUNO / CARABAYA / MACUSANI	PUNO	CARABAYA	MACUSANI
210302	PUNO / CARABAYA / AJOYANI	PUNO	CARABAYA	AJOYANI
210303	PUNO / CARABAYA / AYAPATA	PUNO	CARABAYA	AYAPATA
210304	PUNO / CARABAYA / COASA	PUNO	CARABAYA	COASA
210305	PUNO / CARABAYA / CORANI	PUNO	CARABAYA	CORANI
210306	PUNO / CARABAYA / CRUCERO	PUNO	CARABAYA	CRUCERO
210307	PUNO / CARABAYA / ITUATA	PUNO	CARABAYA	ITUATA
210308	PUNO / CARABAYA / OLLACHEA	PUNO	CARABAYA	OLLACHEA
210309	PUNO / CARABAYA / SAN GABAN	PUNO	CARABAYA	SAN GABAN
210310	PUNO / CARABAYA / USICAYOS	PUNO	CARABAYA	USICAYOS
210401	PUNO / CHUCUITO / JULI	PUNO	CHUCUITO	JULI
210402	PUNO / CHUCUITO / DESAGUADERO	PUNO	CHUCUITO	DESAGUADERO
210403	PUNO / CHUCUITO / HUACULLANI	PUNO	CHUCUITO	HUACULLANI
210404	PUNO / CHUCUITO / KELLUYO	PUNO	CHUCUITO	KELLUYO
210405	PUNO / CHUCUITO / PISACOMA	PUNO	CHUCUITO	PISACOMA
210406	PUNO / CHUCUITO / POMATA	PUNO	CHUCUITO	POMATA
210407	PUNO / CHUCUITO / ZEPITA	PUNO	CHUCUITO	ZEPITA
210501	PUNO / EL COLLAO / ILAVE	PUNO	EL COLLAO	ILAVE
210502	PUNO / EL COLLAO / CAPAZO	PUNO	EL COLLAO	CAPAZO
210503	PUNO / EL COLLAO / PILCUYO	PUNO	EL COLLAO	PILCUYO
210504	PUNO / EL COLLAO / SANTA ROSA	PUNO	EL COLLAO	SANTA ROSA
210505	PUNO / EL COLLAO / CONDURIRI	PUNO	EL COLLAO	CONDURIRI
210601	PUNO / HUANCANE / HUANCANE	PUNO	HUANCANE	HUANCANE
210602	PUNO / HUANCANE / COJATA	PUNO	HUANCANE	COJATA
210603	PUNO / HUANCANE / HUATASANI	PUNO	HUANCANE	HUATASANI
210604	PUNO / HUANCANE / INCHUPALLA	PUNO	HUANCANE	INCHUPALLA
210605	PUNO / HUANCANE / PUSI	PUNO	HUANCANE	PUSI
210606	PUNO / HUANCANE / ROSASPATA	PUNO	HUANCANE	ROSASPATA
210607	PUNO / HUANCANE / TARACO	PUNO	HUANCANE	TARACO
210608	PUNO / HUANCANE / VILQUE CHICO	PUNO	HUANCANE	VILQUE CHICO
210701	PUNO / LAMPA / LAMPA	PUNO	LAMPA	LAMPA
210702	PUNO / LAMPA / CABANILLA	PUNO	LAMPA	CABANILLA
210703	PUNO / LAMPA / CALAPUJA	PUNO	LAMPA	CALAPUJA
210704	PUNO / LAMPA / NICASIO	PUNO	LAMPA	NICASIO
210705	PUNO / LAMPA / OCUVIRI	PUNO	LAMPA	OCUVIRI
210706	PUNO / LAMPA / PALCA	PUNO	LAMPA	PALCA
210707	PUNO / LAMPA / PARATIA	PUNO	LAMPA	PARATIA
210708	PUNO / LAMPA / PUCARA	PUNO	LAMPA	PUCARA
210709	PUNO / LAMPA / SANTA LUCIA	PUNO	LAMPA	SANTA LUCIA
210710	PUNO / LAMPA / VILAVILA	PUNO	LAMPA	VILAVILA
210801	PUNO / MELGAR / AYAVIRI	PUNO	MELGAR	AYAVIRI
210802	PUNO / MELGAR / ANTAUTA	PUNO	MELGAR	ANTAUTA
210803	PUNO / MELGAR / CUPI	PUNO	MELGAR	CUPI
210804	PUNO / MELGAR / LLALLI	PUNO	MELGAR	LLALLI
210805	PUNO / MELGAR / MACARI	PUNO	MELGAR	MACARI
210806	PUNO / MELGAR / NUÑOA	PUNO	MELGAR	NUÑOA
210807	PUNO / MELGAR / ORURILLO	PUNO	MELGAR	ORURILLO
210808	PUNO / MELGAR / SANTA ROSA	PUNO	MELGAR	SANTA ROSA
210809	PUNO / MELGAR / UMACHIRI	PUNO	MELGAR	UMACHIRI
210901	PUNO / MOHO / MOHO	PUNO	MOHO	MOHO
210902	PUNO / MOHO / CONIMA	PUNO	MOHO	CONIMA
210903	PUNO / MOHO / HUAYRAPATA	PUNO	MOHO	HUAYRAPATA
210904	PUNO / MOHO / TILALI	PUNO	MOHO	TILALI
211001	PUNO / SAN ANTONIO DE PUTINA / PUTINA	PUNO	SAN ANTONIO DE PUTINA	PUTINA
211002	PUNO / SAN ANTONIO DE PUTINA / ANANEA	PUNO	SAN ANTONIO DE PUTINA	ANANEA
211003	PUNO / SAN ANTONIO DE PUTINA / PEDRO VILCA APAZA	PUNO	SAN ANTONIO DE PUTINA	PEDRO VILCA APAZA
211004	PUNO / SAN ANTONIO DE PUTINA / QUILCAPUNCU	PUNO	SAN ANTONIO DE PUTINA	QUILCAPUNCU
211005	PUNO / SAN ANTONIO DE PUTINA / SINA	PUNO	SAN ANTONIO DE PUTINA	SINA
211101	PUNO / SAN ROMAN / JULIACA	PUNO	SAN ROMAN	JULIACA
211102	PUNO / SAN ROMAN / CABANA	PUNO	SAN ROMAN	CABANA
211103	PUNO / SAN ROMAN / CABANILLAS	PUNO	SAN ROMAN	CABANILLAS
211104	PUNO / SAN ROMAN / CARACOTO	PUNO	SAN ROMAN	CARACOTO
211105	PUNO / SAN ROMAN / SAN MIGUEL	PUNO	SAN ROMAN	SAN MIGUEL
211201	PUNO / SANDIA / SANDIA	PUNO	SANDIA	SANDIA
211202	PUNO / SANDIA / CUYOCUYO	PUNO	SANDIA	CUYOCUYO
211203	PUNO / SANDIA / LIMBANI	PUNO	SANDIA	LIMBANI
211204	PUNO / SANDIA / PATAMBUCO	PUNO	SANDIA	PATAMBUCO
211205	PUNO / SANDIA / PHARA	PUNO	SANDIA	PHARA
211206	PUNO / SANDIA / QUIACA	PUNO	SANDIA	QUIACA
211207	PUNO / SANDIA / SAN JUAN DEL ORO	PUNO	SANDIA	SAN JUAN DEL ORO
211208	PUNO / SANDIA / YANAHUAYA	PUNO	SANDIA	YANAHUAYA
211209	PUNO / SANDIA / ALTO INAMBARI	PUNO	SANDIA	ALTO INAMBARI
211210	PUNO / SANDIA / SAN PEDRO DE PUTINA PUNCO	PUNO	SANDIA	SAN PEDRO DE PUTINA PUNCO
211301	PUNO / YUNGUYO / YUNGUYO	PUNO	YUNGUYO	YUNGUYO
211302	PUNO / YUNGUYO / ANAPIA	PUNO	YUNGUYO	ANAPIA
211303	PUNO / YUNGUYO / COPANI	PUNO	YUNGUYO	COPANI
211304	PUNO / YUNGUYO / CUTURAPI	PUNO	YUNGUYO	CUTURAPI
211305	PUNO / YUNGUYO / OLLARAYA	PUNO	YUNGUYO	OLLARAYA
211306	PUNO / YUNGUYO / TINICACHI	PUNO	YUNGUYO	TINICACHI
211307	PUNO / YUNGUYO / UNICACHI	PUNO	YUNGUYO	UNICACHI
220101	SAN MARTIN / MOYOBAMBA / MOYOBAMBA	SAN MARTIN	MOYOBAMBA	MOYOBAMBA
220102	SAN MARTIN / MOYOBAMBA / CALZADA	SAN MARTIN	MOYOBAMBA	CALZADA
220103	SAN MARTIN / MOYOBAMBA / HABANA	SAN MARTIN	MOYOBAMBA	HABANA
220104	SAN MARTIN / MOYOBAMBA / JEPELACIO	SAN MARTIN	MOYOBAMBA	JEPELACIO
220105	SAN MARTIN / MOYOBAMBA / SORITOR	SAN MARTIN	MOYOBAMBA	SORITOR
220106	SAN MARTIN / MOYOBAMBA / YANTALO	SAN MARTIN	MOYOBAMBA	YANTALO
220201	SAN MARTIN / BELLAVISTA / BELLAVISTA	SAN MARTIN	BELLAVISTA	BELLAVISTA
220202	SAN MARTIN / BELLAVISTA / ALTO BIAVO	SAN MARTIN	BELLAVISTA	ALTO BIAVO
220203	SAN MARTIN / BELLAVISTA / BAJO BIAVO	SAN MARTIN	BELLAVISTA	BAJO BIAVO
220204	SAN MARTIN / BELLAVISTA / HUALLAGA	SAN MARTIN	BELLAVISTA	HUALLAGA
220205	SAN MARTIN / BELLAVISTA / SAN PABLO	SAN MARTIN	BELLAVISTA	SAN PABLO
220206	SAN MARTIN / BELLAVISTA / SAN RAFAEL	SAN MARTIN	BELLAVISTA	SAN RAFAEL
220301	SAN MARTIN / EL DORADO / SAN JOSE DE SISA	SAN MARTIN	EL DORADO	SAN JOSE DE SISA
220302	SAN MARTIN / EL DORADO / AGUA BLANCA	SAN MARTIN	EL DORADO	AGUA BLANCA
220303	SAN MARTIN / EL DORADO / SAN MARTIN	SAN MARTIN	EL DORADO	SAN MARTIN
220304	SAN MARTIN / EL DORADO / SANTA ROSA	SAN MARTIN	EL DORADO	SANTA ROSA
220305	SAN MARTIN / EL DORADO / SHATOJA	SAN MARTIN	EL DORADO	SHATOJA
220401	SAN MARTIN / HUALLAGA / SAPOSOA	SAN MARTIN	HUALLAGA	SAPOSOA
220402	SAN MARTIN / HUALLAGA / ALTO SAPOSOA	SAN MARTIN	HUALLAGA	ALTO SAPOSOA
220403	SAN MARTIN / HUALLAGA / EL ESLABON	SAN MARTIN	HUALLAGA	EL ESLABON
220404	SAN MARTIN / HUALLAGA / PISCOYACU	SAN MARTIN	HUALLAGA	PISCOYACU
220405	SAN MARTIN / HUALLAGA / SACANCHE	SAN MARTIN	HUALLAGA	SACANCHE
220406	SAN MARTIN / HUALLAGA / TINGO DE SAPOSOA	SAN MARTIN	HUALLAGA	TINGO DE SAPOSOA
220501	SAN MARTIN / LAMAS / LAMAS	SAN MARTIN	LAMAS	LAMAS
220502	SAN MARTIN / LAMAS / ALONSO DE ALVARADO	SAN MARTIN	LAMAS	ALONSO DE ALVARADO
220503	SAN MARTIN / LAMAS / BARRANQUITA	SAN MARTIN	LAMAS	BARRANQUITA
220504	SAN MARTIN / LAMAS / CAYNARACHI	SAN MARTIN	LAMAS	CAYNARACHI
220505	SAN MARTIN / LAMAS / CUÑUMBUQUI	SAN MARTIN	LAMAS	CUÑUMBUQUI
220506	SAN MARTIN / LAMAS / PINTO RECODO	SAN MARTIN	LAMAS	PINTO RECODO
220507	SAN MARTIN / LAMAS / RUMISAPA	SAN MARTIN	LAMAS	RUMISAPA
220508	SAN MARTIN / LAMAS / SAN ROQUE DE CUMBAZA	SAN MARTIN	LAMAS	SAN ROQUE DE CUMBAZA
220509	SAN MARTIN / LAMAS / SHANAO	SAN MARTIN	LAMAS	SHANAO
220510	SAN MARTIN / LAMAS / TABALOSOS	SAN MARTIN	LAMAS	TABALOSOS
220511	SAN MARTIN / LAMAS / ZAPATERO	SAN MARTIN	LAMAS	ZAPATERO
220601	SAN MARTIN / MARISCAL CACERES / JUANJUI	SAN MARTIN	MARISCAL CACERES	JUANJUI
220602	SAN MARTIN / MARISCAL CACERES / CAMPANILLA	SAN MARTIN	MARISCAL CACERES	CAMPANILLA
220603	SAN MARTIN / MARISCAL CACERES / HUICUNGO	SAN MARTIN	MARISCAL CACERES	HUICUNGO
220604	SAN MARTIN / MARISCAL CACERES / PACHIZA	SAN MARTIN	MARISCAL CACERES	PACHIZA
220605	SAN MARTIN / MARISCAL CACERES / PAJARILLO	SAN MARTIN	MARISCAL CACERES	PAJARILLO
220701	SAN MARTIN / PICOTA / PICOTA	SAN MARTIN	PICOTA	PICOTA
220702	SAN MARTIN / PICOTA / BUENOS AIRES	SAN MARTIN	PICOTA	BUENOS AIRES
220703	SAN MARTIN / PICOTA / CASPISAPA	SAN MARTIN	PICOTA	CASPISAPA
220704	SAN MARTIN / PICOTA / PILLUANA	SAN MARTIN	PICOTA	PILLUANA
220705	SAN MARTIN / PICOTA / PUCACACA	SAN MARTIN	PICOTA	PUCACACA
220706	SAN MARTIN / PICOTA / SAN CRISTOBAL	SAN MARTIN	PICOTA	SAN CRISTOBAL
220707	SAN MARTIN / PICOTA / SAN HILARION	SAN MARTIN	PICOTA	SAN HILARION
220708	SAN MARTIN / PICOTA / SHAMBOYACU	SAN MARTIN	PICOTA	SHAMBOYACU
220709	SAN MARTIN / PICOTA / TINGO DE PONASA	SAN MARTIN	PICOTA	TINGO DE PONASA
220710	SAN MARTIN / PICOTA / TRES UNIDOS	SAN MARTIN	PICOTA	TRES UNIDOS
220801	SAN MARTIN / RIOJA / RIOJA	SAN MARTIN	RIOJA	RIOJA
220802	SAN MARTIN / RIOJA / AWAJUN	SAN MARTIN	RIOJA	AWAJUN
220803	SAN MARTIN / RIOJA / ELIAS SOPLIN VARGAS	SAN MARTIN	RIOJA	ELIAS SOPLIN VARGAS
220804	SAN MARTIN / RIOJA / NUEVA CAJAMARCA	SAN MARTIN	RIOJA	NUEVA CAJAMARCA
220805	SAN MARTIN / RIOJA / PARDO MIGUEL	SAN MARTIN	RIOJA	PARDO MIGUEL
220806	SAN MARTIN / RIOJA / POSIC	SAN MARTIN	RIOJA	POSIC
220807	SAN MARTIN / RIOJA / SAN FERNANDO	SAN MARTIN	RIOJA	SAN FERNANDO
220808	SAN MARTIN / RIOJA / YORONGOS	SAN MARTIN	RIOJA	YORONGOS
220809	SAN MARTIN / RIOJA / YURACYACU	SAN MARTIN	RIOJA	YURACYACU
220901	SAN MARTIN / SAN MARTIN / TARAPOTO	SAN MARTIN	SAN MARTIN	TARAPOTO
220902	SAN MARTIN / SAN MARTIN / ALBERTO LEVEAU	SAN MARTIN	SAN MARTIN	ALBERTO LEVEAU
220903	SAN MARTIN / SAN MARTIN / CACATACHI	SAN MARTIN	SAN MARTIN	CACATACHI
220904	SAN MARTIN / SAN MARTIN / CHAZUTA	SAN MARTIN	SAN MARTIN	CHAZUTA
220905	SAN MARTIN / SAN MARTIN / CHIPURANA	SAN MARTIN	SAN MARTIN	CHIPURANA
220906	SAN MARTIN / SAN MARTIN / EL PORVENIR	SAN MARTIN	SAN MARTIN	EL PORVENIR
220907	SAN MARTIN / SAN MARTIN / HUIMBAYOC	SAN MARTIN	SAN MARTIN	HUIMBAYOC
220908	SAN MARTIN / SAN MARTIN / JUAN GUERRA	SAN MARTIN	SAN MARTIN	JUAN GUERRA
220909	SAN MARTIN / SAN MARTIN / LA BANDA DE SHILCAYO	SAN MARTIN	SAN MARTIN	LA BANDA DE SHILCAYO
220910	SAN MARTIN / SAN MARTIN / MORALES	SAN MARTIN	SAN MARTIN	MORALES
220911	SAN MARTIN / SAN MARTIN / PAPAPLAYA	SAN MARTIN	SAN MARTIN	PAPAPLAYA
220912	SAN MARTIN / SAN MARTIN / SAN ANTONIO	SAN MARTIN	SAN MARTIN	SAN ANTONIO
220913	SAN MARTIN / SAN MARTIN / SAUCE	SAN MARTIN	SAN MARTIN	SAUCE
220914	SAN MARTIN / SAN MARTIN / SHAPAJA	SAN MARTIN	SAN MARTIN	SHAPAJA
221001	SAN MARTIN / TOCACHE / TOCACHE	SAN MARTIN	TOCACHE	TOCACHE
221002	SAN MARTIN / TOCACHE / NUEVO PROGRESO	SAN MARTIN	TOCACHE	NUEVO PROGRESO
221003	SAN MARTIN / TOCACHE / POLVORA	SAN MARTIN	TOCACHE	POLVORA
221004	SAN MARTIN / TOCACHE / SHUNTE	SAN MARTIN	TOCACHE	SHUNTE
221005	SAN MARTIN / TOCACHE / UCHIZA	SAN MARTIN	TOCACHE	UCHIZA
221006	SAN MARTIN / TOCACHE / SANTA LUCIA	SAN MARTIN	TOCACHE	SANTA LUCIA
230101	TACNA / TACNA / TACNA	TACNA	TACNA	TACNA
230102	TACNA / TACNA / ALTO DE LA ALIANZA	TACNA	TACNA	ALTO DE LA ALIANZA
230103	TACNA / TACNA / CALANA	TACNA	TACNA	CALANA
230104	TACNA / TACNA / CIUDAD NUEVA	TACNA	TACNA	CIUDAD NUEVA
230105	TACNA / TACNA / INCLAN	TACNA	TACNA	INCLAN
230106	TACNA / TACNA / PACHIA	TACNA	TACNA	PACHIA
230107	TACNA / TACNA / PALCA	TACNA	TACNA	PALCA
230108	TACNA / TACNA / POCOLLAY	TACNA	TACNA	POCOLLAY
230109	TACNA / TACNA / SAMA	TACNA	TACNA	SAMA
230110	TACNA / TACNA / CORONEL GREGORIO ALBARRACIN LANCHIPA	TACNA	TACNA	CORONEL GREGORIO ALBARRACIN LANCHIPA
230111	TACNA / TACNA / LA YARADA LOS PALOS	TACNA	TACNA	LA YARADA LOS PALOS
230201	TACNA / CANDARAVE / CANDARAVE	TACNA	CANDARAVE	CANDARAVE
230202	TACNA / CANDARAVE / CAIRANI	TACNA	CANDARAVE	CAIRANI
230203	TACNA / CANDARAVE / CAMILACA	TACNA	CANDARAVE	CAMILACA
230204	TACNA / CANDARAVE / CURIBAYA	TACNA	CANDARAVE	CURIBAYA
230205	TACNA / CANDARAVE / HUANUARA	TACNA	CANDARAVE	HUANUARA
230206	TACNA / CANDARAVE / QUILAHUANI	TACNA	CANDARAVE	QUILAHUANI
230301	TACNA / JORGE BASADRE / LOCUMBA	TACNA	JORGE BASADRE	LOCUMBA
230302	TACNA / JORGE BASADRE / ILABAYA	TACNA	JORGE BASADRE	ILABAYA
230303	TACNA / JORGE BASADRE / ITE	TACNA	JORGE BASADRE	ITE
230401	TACNA / TARATA / TARATA	TACNA	TARATA	TARATA
230402	TACNA / TARATA / HEROES ALBARRACIN CHUCATAMANI	TACNA	TARATA	HEROES ALBARRACIN CHUCATAMANI
230403	TACNA / TARATA / ESTIQUE	TACNA	TARATA	ESTIQUE
230404	TACNA / TARATA / ESTIQUE-PAMPA	TACNA	TARATA	ESTIQUE-PAMPA
230405	TACNA / TARATA / SITAJARA	TACNA	TARATA	SITAJARA
230406	TACNA / TARATA / SUSAPAYA	TACNA	TARATA	SUSAPAYA
230407	TACNA / TARATA / TARUCACHI	TACNA	TARATA	TARUCACHI
230408	TACNA / TARATA / TICACO	TACNA	TARATA	TICACO
240101	TUMBES / TUMBES / TUMBES	TUMBES	TUMBES	TUMBES
240102	TUMBES / TUMBES / CORRALES	TUMBES	TUMBES	CORRALES
240103	TUMBES / TUMBES / LA CRUZ	TUMBES	TUMBES	LA CRUZ
240104	TUMBES / TUMBES / PAMPAS DE HOSPITAL	TUMBES	TUMBES	PAMPAS DE HOSPITAL
240105	TUMBES / TUMBES / SAN JACINTO	TUMBES	TUMBES	SAN JACINTO
240106	TUMBES / TUMBES / SAN JUAN DE LA VIRGEN	TUMBES	TUMBES	SAN JUAN DE LA VIRGEN
240201	TUMBES / CONTRALMIRANTE VILLAR / ZORRITOS	TUMBES	CONTRALMIRANTE VILLAR	ZORRITOS
240202	TUMBES / CONTRALMIRANTE VILLAR / CASITAS	TUMBES	CONTRALMIRANTE VILLAR	CASITAS
240203	TUMBES / CONTRALMIRANTE VILLAR / CANOAS DE PUNTA SAL	TUMBES	CONTRALMIRANTE VILLAR	CANOAS DE PUNTA SAL
240301	TUMBES / ZARUMILLA / ZARUMILLA	TUMBES	ZARUMILLA	ZARUMILLA
240302	TUMBES / ZARUMILLA / AGUAS VERDES	TUMBES	ZARUMILLA	AGUAS VERDES
240303	TUMBES / ZARUMILLA / MATAPALO	TUMBES	ZARUMILLA	MATAPALO
240304	TUMBES / ZARUMILLA / PAPAYAL	TUMBES	ZARUMILLA	PAPAYAL
250101	UCAYALI / CORONEL PORTILLO / CALLERIA	UCAYALI	CORONEL PORTILLO	CALLERIA
250102	UCAYALI / CORONEL PORTILLO / CAMPOVERDE	UCAYALI	CORONEL PORTILLO	CAMPOVERDE
250103	UCAYALI / CORONEL PORTILLO / IPARIA	UCAYALI	CORONEL PORTILLO	IPARIA
250104	UCAYALI / CORONEL PORTILLO / MASISEA	UCAYALI	CORONEL PORTILLO	MASISEA
250105	UCAYALI / CORONEL PORTILLO / YARINACOCHA	UCAYALI	CORONEL PORTILLO	YARINACOCHA
250106	UCAYALI / CORONEL PORTILLO / NUEVA REQUENA	UCAYALI	CORONEL PORTILLO	NUEVA REQUENA
250107	UCAYALI / CORONEL PORTILLO / MANANTAY	UCAYALI	CORONEL PORTILLO	MANANTAY
250201	UCAYALI / ATALAYA / RAYMONDI	UCAYALI	ATALAYA	RAYMONDI
250202	UCAYALI / ATALAYA / SEPAHUA	UCAYALI	ATALAYA	SEPAHUA
250203	UCAYALI / ATALAYA / TAHUANIA	UCAYALI	ATALAYA	TAHUANIA
250204	UCAYALI / ATALAYA / YURUA	UCAYALI	ATALAYA	YURUA
250301	UCAYALI / PADRE ABAD / PADRE ABAD	UCAYALI	PADRE ABAD	PADRE ABAD
250302	UCAYALI / PADRE ABAD / IRAZOLA	UCAYALI	PADRE ABAD	IRAZOLA
250303	UCAYALI / PADRE ABAD / CURIMANA	UCAYALI	PADRE ABAD	CURIMANA
250304	UCAYALI / PADRE ABAD / NESHUYA	UCAYALI	PADRE ABAD	NESHUYA
250305	UCAYALI / PADRE ABAD / ALEXANDER VON HUMBOLDT	UCAYALI	PADRE ABAD	ALEXANDER VON HUMBOLDT
250306	UCAYALI / PADRE ABAD / HUIPOCA	UCAYALI	PADRE ABAD	HUIPOCA
250307	UCAYALI / PADRE ABAD / BOQUERON	UCAYALI	PADRE ABAD	BOQUERON
250401	UCAYALI / PURUS / PURUS	UCAYALI	PURUS	PURUS
